time,temp_c,temp_f,humidity,lux,color_temp,red,green,blue,clear,nws_temp_c,nws_temp_f,nws_humidity,nws_conditions
2023-11-23 15:10:36,16.1,60.9,60.9,11640.8,7978.3,37434,29319,30717,65535
2023-11-23 15:25:38,15.8,60.5,57.5,13989.4,7150.7,41179,32840,33440,65535
2023-11-23 15:40:39,14.5,58.1,58.5,10786.7,7389.9,33520,26315,27142,65535
2023-11-23 15:55:41,13.7,56.6,56.8,5281.2,9115.1,17703,13886,14877,39817
2023-11-23 16:10:42,13.7,56.6,56.9,3212.6,10630.5,10841,8640,9434,24816
2023-11-23 16:25:44,13.7,56.7,57.1,2629.7,10842.7,9286,7290,8009,21077
2023-11-23 16:40:45,13.6,56.5,58.1,1624.1,9703.1,5838,4496,4887,12956
2023-11-23 16:55:47,13.3,55.9,58.9,1123.1,4736.3,4552,3090,3110,8626
2023-11-23 17:10:48,13.0,55.5,59.5,228.3,7297.7,1472,932,1045,2765
2023-11-23 17:25:50,12.9,55.2,60.6,27.1,78336.0,154,117,147,349
2023-11-23 17:40:51,13.0,55.4,61.2,2.5,5803.2,16,10,11,31
2023-11-23 17:55:53,12.6,54.6,59.7,0.1,3225.0,5,2,2,9
2023-11-23 20:01:27,11.2,52.1,58.8,0.2,1635.0,2,1,1,4
2023-11-23 20:16:29,11.4,52.5,60.6,-0.3,40943.5,1,0,0,1
2023-11-23 20:31:31,11.1,52.1,60.8,-0.3,40943.5,1,0,0,1
2023-11-23 20:46:32,11.2,52.2,61.9,-0.3,40943.5,1,0,0,1
2023-11-23 23:57:43,9.9,49.8,66.6,0.2,1635.0,2,1,1,3
2023-11-24 00:12:45,10.2,50.4,66.6,1.3,2410.6,1,1,0,2
2023-11-24 00:27:47,9.9,49.9,66.5,-0.3,40943.5,1,0,0,1
2023-11-24 00:42:48,10.1,50.1,66.5,-0.3,40943.5,1,0,0,1
2023-11-24 00:57:50,10.3,50.6,67.3,-0.3,40943.5,1,0,0,1
2023-11-24 01:12:51,9.9,49.8,66.9,-0.3,40943.5,1,0,0,1
2023-11-24 01:27:53,10.1,50.2,66.8,-0.3,40943.5,1,0,0,1
2023-11-24 01:42:54,10.4,50.6,67.3,0.0,0.0,0,0,0,1
2023-11-24 01:57:56,9.9,49.8,66.7,0.0,0.0,0,0,0,1
2023-11-24 02:12:57,10.1,50.2,66.7,0.0,0.0,0,0,0,1
2023-11-24 02:27:59,10.3,50.6,67.1,0.0,0.0,0,0,0,1
2023-11-24 02:43:00,9.8,49.7,66.5,0.0,0.0,0,0,0,1
2023-11-24 02:58:02,10.1,50.2,66.5,0.0,0.0,0,0,0,1
2023-11-24 03:13:03,10.2,50.4,66.6,0.0,0.0,0,0,0,1
2023-11-24 03:28:05,9.8,49.6,66.3,0.0,0.0,0,0,0,1
2023-11-24 03:43:06,10.1,50.1,66.5,0.0,0.0,0,0,0,1
2023-11-24 03:58:08,10.0,50.0,66.6,0.0,0.0,0,0,0,1
2023-11-24 04:13:10,9.7,49.5,66.2,0.0,0.0,0,0,0,1
2023-11-24 04:28:11,10.0,50.1,66.7,0.0,0.0,0,0,0,1
2023-11-24 04:43:13,9.8,49.7,66.5,0.0,0.0,0,0,0,1
2023-11-24 04:58:15,9.7,49.5,66.0,0.0,0.0,0,0,0,1
2023-11-24 05:13:16,10.0,50.1,66.6,0.0,0.0,0,0,0,1
2023-11-24 05:28:19,9.6,49.3,66.2,0.0,0.0,0,0,0,1
2023-11-24 05:43:20,9.7,49.5,66.1,0.0,0.0,0,0,0,1
2023-11-24 11:27:14,11.5,52.7,61.4,34196.2,8890.4,65535,65535,65535,65535
2023-11-24 11:42:16,11.7,53.1,61.2,34196.2,8890.4,65535,65535,65535,65535
2023-11-24 11:57:18,13.0,55.4,58.5,34196.2,8890.4,65535,65535,65535,65535
2023-11-24 12:12:19,13.0,55.3,59.2,34196.2,8890.4,65535,65535,65535,65535
2023-11-24 12:27:21,12.7,54.8,59.7,34196.2,8890.4,65535,65535,65535,65535
2023-11-24 12:42:22,14.1,57.5,55.4,34196.2,8890.4,65535,65535,65535,65535
2023-11-24 12:57:24,14.2,57.5,56.3,34196.2,8890.4,65535,65535,65535,65535
2023-11-24 13:12:25,14.1,57.5,56.4,34196.2,8890.4,65535,65535,65535,65535
2023-11-24 13:27:27,15.5,59.9,52.1,34196.2,8890.4,65535,65535,65535,65535
2023-11-24 13:42:28,14.8,58.7,54.2,34196.2,8890.4,65535,65535,65535,65535
2023-11-24 13:57:30,15.6,60.0,52.8,34196.2,8890.4,65535,65535,65535,65535
2023-11-24 14:12:31,16.2,61.2,52.1,34196.2,8890.4,65535,65535,65535,65535
2023-11-24 14:27:33,17.5,63.6,50.2,34196.2,8890.4,65535,65535,65535,65535
2023-11-24 14:42:34,18.2,64.7,49.9,34196.2,8890.4,65535,65535,65535,65535
2023-11-24 14:57:36,18.2,64.8,50.3,20253.7,9538.3,54536,47003,49499,65535
2023-11-24 15:12:37,18.7,65.6,51.1,15027.9,10714.4,39700,35069,37484,65535
2023-11-24 15:27:39,18.5,65.4,51.8,15381.8,9167.1,37910,33775,35004,65535
2023-11-24 15:42:40,18.1,64.6,53.0,9458.8,13121.0,27125,23721,26199,65535
2023-11-24 15:57:42,17.3,63.1,55.6,8133.9,11399.9,22684,19727,21366,57510
2023-11-24 16:12:43,17.8,64.0,53.4,9605.2,7863.7,28646,23042,23860,65535
2023-11-24 16:27:45,17.4,63.4,54.7,7761.3,6099.2,25801,19251,19466,57431
2023-11-24 16:42:46,16.1,61.0,58.4,2685.4,12477.4,7743,6713,7373,18929
2023-11-24 16:57:48,15.7,60.2,59.2,1169.3,19382.8,3039,2918,3347,8071
2023-11-24 17:12:51,15.2,59.3,60.6,383.7,20663.4,1145,1036,1202,2907
2023-11-24 17:27:53,14.7,58.4,61.2,53.9,17454.2,219,171,198,491
2023-11-24 17:42:54,14.6,58.2,60.9,3.3,22675.8,14,11,13,32
2023-11-24 17:57:56,13.9,57.1,61.1,0.7,4380.5,3,2,2,6
2023-11-24 18:12:57,13.7,56.7,61.5,-0.1,3071098355.0,3,1,1,4
2023-11-24 18:28:00,13.5,56.3,61.6,-0.1,3071098355.0,3,1,1,4
2023-11-24 18:43:02,13.0,55.5,61.5,-0.1,3071098355.0,3,1,1,4
2023-11-24 18:58:03,13.0,55.4,61.8,0.2,1635.0,2,1,1,4
2023-11-24 19:13:05,12.8,55.0,62.2,-0.1,3071098355.0,3,1,1,4
2023-11-24 19:28:06,12.4,54.4,62.0,0.2,1635.0,2,1,1,4
2023-11-24 19:43:08,12.7,54.8,62.5,0.2,1635.0,2,1,1,4
2023-11-24 19:58:10,12.1,53.9,62.4,0.2,1635.0,2,1,1,4
2023-11-24 20:13:11,11.8,53.2,62.3,0.0,0.0,0,0,0,1
2023-11-24 22:55:07,10.3,50.6,62.9,0.5,8890.4,1,1,1,2
2023-11-24 23:10:09,10.0,50.0,62.6,0.5,8890.4,1,1,1,3
2023-11-24 23:25:11,10.3,50.5,63.3,0.5,8890.4,1,1,1,3
2023-11-24 23:40:12,10.1,50.2,63.5,0.5,8890.4,1,1,1,2
2023-11-24 23:55:15,10.0,49.9,63.3,0.5,8890.4,1,1,1,2
2023-11-25 00:10:31,10.3,50.5,64.1,0.5,8890.4,1,1,1,2
2023-11-25 00:25:33,10.1,50.1,63.9,0.5,8890.4,1,1,1,2
2023-11-25 00:40:35,9.9,49.9,63.8,-0.3,40943.5,1,0,0,1
2023-11-25 00:55:36,10.2,50.3,64.1,-0.3,40943.5,1,0,0,1
2023-11-25 01:10:43,10.0,50.0,64.0,-0.3,40943.5,1,0,0,1
2023-11-25 01:25:50,9.8,49.7,63.8,-0.1,3071098355.0,3,1,1,5
2023-11-25 01:40:52,9.7,49.5,63.7,-0.3,40943.5,1,0,0,1
2023-11-25 01:55:54,9.7,49.4,63.9,-0.3,40943.5,1,0,0,1
2023-11-25 02:10:55,9.9,49.8,64.0,0.0,0.0,0,0,0,1
2023-11-25 02:25:57,9.9,49.7,63.9,0.0,0.0,0,0,0,1
2023-11-25 02:40:59,9.6,49.2,63.7,0.0,0.0,0,0,0,1
2023-11-25 02:56:01,9.9,49.7,64.0,0.0,0.0,0,0,0,1
2023-11-25 03:11:03,9.9,49.8,63.9,0.0,0.0,0,0,0,1
2023-11-25 03:26:06,9.4,48.9,63.4,0.0,0.0,0,0,0,1
2023-11-25 03:41:08,9.7,49.4,63.7,0.0,0.0,0,0,0,1
2023-11-25 03:56:15,9.8,49.7,63.9,0.0,0.0,0,0,0,1
2023-11-25 04:11:17,9.2,48.5,63.1,0.0,0.0,0,0,0,1
2023-11-25 04:26:19,9.5,49.1,63.4,0.0,0.0,0,0,0,1
2023-11-25 04:41:20,9.7,49.4,63.8,0.0,0.0,0,0,0,1
2023-11-25 04:56:22,9.1,48.3,63.2,0.0,0.0,0,0,0,1
2023-11-25 05:11:24,9.3,48.8,63.2,0.0,0.0,0,0,0,1
2023-11-25 05:26:26,9.5,49.1,63.5,0.0,0.0,0,0,0,1
2023-11-25 05:41:27,9.0,48.1,63.1,0.0,0.0,0,0,0,1
2023-11-25 05:56:29,9.2,48.6,62.9,0.0,0.0,0,0,0,1
2023-11-25 06:11:31,9.4,48.9,63.5,0.0,0.0,0,0,0,1
2023-11-25 06:26:33,9.0,48.1,63.1,0.0,0.0,0,0,0,1
2023-11-25 06:41:35,8.7,47.6,62.4,0.0,0.0,0,0,0,1
2023-11-25 06:56:37,9.0,48.2,63.1,0.0,0.0,0,0,0,1
2023-11-25 07:11:38,8.4,47.1,62.5,0.5,8890.4,1,1,1,3
2023-11-25 07:26:42,8.6,47.5,62.8,2.6,-6416721.3,15,14,20,42
2023-11-25 07:41:44,8.8,47.9,63.1,62.5,78276.1,264,227,287,668
2023-11-25 07:56:46,8.3,46.9,62.7,372.7,40467.2,1095,1067,1306,3042
2023-11-25 08:11:47,8.7,47.6,62.8,873.3,44505.3,2247,2370,2921,6674
2023-11-25 08:26:49,8.9,48.1,63.1,1330.1,56667.9,3326,3646,4570,10276
2023-11-25 08:41:50,8.5,47.3,62.9,1707.8,67334.1,4315,4775,6050,13507
2023-11-25 11:59:48,11.9,53.5,58.5,8797.4,23855.9,23994,23028,26997,65380
2023-11-25 12:14:50,12.5,54.5,58.3,14660.0,13997.4,39770,35953,39862,65535
2023-11-25 12:29:52,16.1,61.0,48.6,34196.2,8890.4,65535,65535,65535,65535
2023-11-25 12:44:53,17.4,63.4,45.5,34196.2,8890.4,65535,65535,65535,65535
2023-11-25 12:59:55,18.5,65.3,43.7,34196.2,8890.4,65535,65535,65535,65535
2023-11-25 13:14:57,18.9,66.0,42.8,34196.2,8890.4,65535,65535,65535,65535
2023-11-25 13:29:59,19.4,66.9,40.4,34196.2,8890.4,65535,65535,65535,65535
2023-11-25 13:45:06,18.9,66.1,41.6,25668.9,12595.4,65535,60112,65491,65535
2023-11-25 14:00:08,18.3,64.9,42.7,14620.5,16853.4,42783,38193,43410,65535
2023-11-25 14:15:09,17.2,63.0,44.9,16454.0,11696.8,41538,37917,40862,65535
2023-11-25 14:30:11,17.4,63.3,45.1,16639.9,12253.7,43906,39517,43008,65535
2023-11-25 14:45:12,18.0,64.4,40.7,20318.4,9477.9,50747,45168,47134,65535
2023-11-25 15:00:14,18.0,64.4,40.1,18331.9,9580.7,48209,42005,44153,65535
2023-11-25 15:15:15,18.2,64.7,41.0,15972.1,9565.8,41151,36172,37929,65535
2023-11-25 15:30:17,18.1,64.5,40.5,15891.1,8414.6,40679,35181,36112,65535
2023-11-25 15:45:18,17.2,62.9,43.4,9220.7,10875.0,25790,22261,23968,64547
2023-11-25 16:00:20,16.3,61.3,46.2,8176.0,9829.5,22067,19080,20187,54657
2023-11-25 16:15:21,16.5,61.7,45.2,8345.3,7990.1,25849,20537,21420,61214
2023-11-25 16:30:23,16.2,61.2,45.7,6077.5,6363.9,20329,15227,15516,45494
2023-11-25 16:45:24,14.9,58.9,50.0,1908.0,20056.1,4678,4645,5335,12828
2023-11-25 17:00:26,14.8,58.7,52.0,988.3,17441.6,2657,2478,2815,6892
2023-11-25 17:15:27,13.9,57.1,52.7,280.9,17229.7,922,784,898,2222
2023-11-25 17:30:29,13.8,56.8,54.0,29.9,14050.4,140,102,117,298
2023-11-25 17:45:30,13.3,56.0,55.1,2.7,5017.0,10,7,7,21
2023-11-25 18:00:32,12.8,55.0,55.1,0.4,1635.0,4,2,2,8
2023-11-25 18:15:33,12.0,53.6,53.9,1.1,1635.4,4,2,1,7
2023-11-25 18:30:35,11.8,53.2,54.4,2.6,1850.1,20,9,7,36
2023-11-25 18:45:36,11.9,53.4,56.2,1.1,1635.4,4,2,1,7
2023-11-25 19:00:39,11.4,52.4,56.1,1.1,1635.4,4,2,1,7
2023-11-25 19:15:40,11.4,52.5,57.4,0.0,0.0,0,0,0,1
2023-11-25 21:41:23,10.2,50.3,62.0,0.0,0.0,0,0,0,1
2023-11-25 21:56:26,10.4,50.8,62.5,0.0,0.0,0,0,0,1
2023-11-25 22:11:27,10.0,50.0,62.3,0.0,0.0,0,0,0,1
2023-11-25 22:26:29,10.2,50.4,62.5,0.0,0.0,0,0,0,1
2023-11-25 22:41:30,10.4,50.7,63.1,-0.3,40943.5,1,0,0,1
2023-11-25 22:56:32,10.6,51.0,63.3,-0.3,40943.5,1,0,0,1
2023-11-25 23:11:33,10.4,50.8,63.1,-0.3,40943.5,1,0,0,2
2023-11-25 23:26:35,10.2,50.3,62.8,-0.3,40943.5,1,0,0,1
2023-11-25 23:41:36,10.4,50.7,63.2,-0.3,40943.5,1,0,0,2
2023-11-25 23:56:38,10.5,50.9,63.3,-0.3,40943.5,1,0,0,1
2023-11-26 00:11:40,10.1,50.1,62.9,-0.3,40943.5,1,0,0,1
2023-11-26 00:26:42,10.2,50.3,62.7,-0.3,40943.5,1,0,0,1
2023-11-26 00:41:44,10.3,50.6,63.0,-0.3,40943.5,1,0,0,1
2023-11-26 00:56:50,10.2,50.3,62.8,-0.3,40943.5,1,0,0,1
2023-11-26 01:11:53,9.9,49.9,62.5,0.0,0.0,0,0,0,1
2023-11-26 01:26:54,10.1,50.2,62.7,0.0,0.0,0,0,0,1
2023-11-26 01:41:56,10.0,50.1,62.6,0.0,0.0,0,0,0,1
2023-11-26 01:56:57,9.7,49.5,62.2,0.0,0.0,0,0,0,1
2023-11-26 02:11:59,9.9,49.9,62.5,0.0,0.0,0,0,0,1
2023-11-26 02:27:00,10.1,50.1,62.8,0.0,0.0,0,0,0,1
2023-11-26 02:42:02,9.5,49.1,62.3,0.0,0.0,0,0,0,1
2023-11-26 02:57:04,9.8,49.6,62.5,-0.3,40943.5,1,0,0,1
2023-11-26 03:12:05,9.9,49.8,62.7,0.0,0.0,0,0,0,1
2023-11-26 03:27:07,9.4,48.9,62.2,0.0,0.0,0,0,0,1
2023-11-26 03:42:09,9.6,49.2,62.2,0.0,0.0,0,0,0,1
2023-11-26 03:57:10,9.8,49.6,62.5,0.0,0.0,0,0,0,1
2023-11-26 04:12:12,9.4,48.9,62.3,0.0,0.0,0,0,0,1
2023-11-26 04:27:13,9.4,48.9,62.1,0.0,0.0,0,0,0,1
2023-11-26 04:42:20,9.6,49.2,62.5,0.0,0.0,0,0,0,1
2023-11-26 04:57:22,9.5,49.1,61.9,0.0,0.0,0,0,0,1
2023-11-26 05:12:24,9.2,48.5,61.7,0.0,0.0,0,0,0,1
2023-11-26 05:27:26,9.4,49.0,62.2,0.0,0.0,0,0,0,1
2023-11-26 05:42:27,9.5,49.0,62.2,0.0,0.0,0,0,0,1
2023-11-26 05:57:29,9.0,48.1,61.7,0.0,0.0,0,0,0,1
2023-11-26 06:12:31,9.2,48.6,62.0,0.0,0.0,0,0,0,1
2023-11-26 06:27:34,9.3,48.8,62.1,0.0,0.0,0,0,0,1
2023-11-26 06:42:35,8.7,47.7,61.5,0.0,0.0,0,0,0,1
2023-11-26 06:57:37,8.8,47.8,61.4,0.0,0.0,0,0,0,1
2023-11-26 07:12:39,8.7,47.7,61.5,0.5,8890.4,1,1,1,3
2023-11-26 07:27:41,8.4,47.1,61.4,3.2,873958.5,18,15,20,46
2023-11-26 07:42:43,8.6,47.5,61.8,62.3,69733.6,264,225,283,661
2023-11-26 07:57:45,8.7,47.7,61.7,363.9,39603.7,1116,1062,1298,3046
2023-11-26 08:12:47,8.3,46.9,61.1,892.2,38565.3,2435,2454,2993,6958
2023-11-26 08:27:48,8.6,47.6,61.5,1409.8,45457.2,3689,3863,4768,10946
2023-11-26 12:45:28,15.2,59.4,49.2,12904.0,30489.5,37267,35656,42731,65535
2023-11-26 13:00:30,14.0,57.1,51.0,34196.2,8890.4,65535,65535,65535,65535
2023-11-26 13:15:32,17.6,63.7,41.3,34196.2,8890.4,65535,65535,65535,65535
2023-11-26 13:30:33,18.5,65.2,40.8,34196.2,8890.4,65535,65535,65535,65535
2023-11-26 13:45:35,17.9,64.2,43.1,34196.2,8890.4,65535,65535,65535,65535
2023-11-26 14:00:36,17.1,62.8,46.1,19666.5,7127.8,61390,47872,49135,65535
2023-11-26 14:15:38,15.5,59.9,49.4,33741.6,9011.8,65535,65247,65535,65535
2023-11-26 14:30:39,15.0,59.0,53.1,15592.2,6951.7,46428,36713,37274,65535
2023-11-26 14:45:41,14.2,57.6,56.1,12056.8,6612.7,34247,27362,27342,65535
2023-11-26 15:00:42,14.1,57.3,56.8,16254.7,6971.7,51099,39621,40568,65535
2023-11-26 15:15:44,13.7,56.7,56.9,12317.0,8247.2,39593,31150,32784,65535
2023-11-26 15:30:46,13.9,57.1,55.4,15725.2,7010.2,46916,37117,37747,65535
2023-11-26 15:45:47,14.7,58.5,52.7,12581.4,7307.2,36793,29509,30126,65535
2023-11-26 16:00:49,14.3,57.7,53.8,8414.8,9428.9,23167,19746,20809,56487
2023-11-26 16:15:50,15.5,60.0,51.0,7846.8,7976.2,24584,19443,20303,57649
2023-11-26 16:30:52,14.7,58.5,52.8,5234.0,6667.8,17995,13439,13848,39898
2023-11-26 16:45:53,13.4,56.1,56.6,1951.7,17267.2,5043,4789,5424,13285
2023-11-26 17:00:55,13.4,56.0,57.2,916.5,17059.7,2683,2398,2729,6729
2023-11-26 17:15:56,12.5,54.6,58.4,240.6,20240.3,819,697,811,1982
2023-11-26 17:30:58,12.5,54.5,58.6,22.9,18445.9,120,86,101,253
2023-11-26 17:46:00,12.2,54.0,59.2,1.4,14332.1,9,6,7,19
2023-11-26 18:01:02,11.7,53.1,59.4,0.4,1635.0,4,2,2,7
2023-11-26 18:16:03,11.9,53.5,59.6,1.1,1635.4,4,2,1,7
2023-11-26 18:31:05,11.5,52.7,59.8,1.1,1635.4,4,2,1,7
2023-11-26 18:46:06,11.4,52.5,59.8,1.1,1635.4,4,2,1,8
2023-11-26 19:01:08,11.5,52.7,59.9,1.1,1635.4,4,2,1,8
2023-11-26 19:16:10,11.1,51.9,60.0,1.1,1635.4,4,2,1,8
2023-11-26 19:31:11,11.2,52.2,59.9,0.1,3225.0,5,2,2,8
2023-11-26 19:46:13,11.1,51.9,60.3,0.4,1635.0,4,2,2,8
2023-11-26 20:01:14,10.9,51.7,60.2,1.1,1635.4,4,2,1,7
2023-11-26 20:16:16,11.0,51.9,60.5,1.1,1635.4,4,2,1,7
2023-11-26 20:31:17,10.5,50.9,60.7,1.1,1635.4,4,2,1,7
2023-11-26 20:46:19,10.8,51.4,60.8,1.1,1635.4,4,2,1,8
2023-11-26 21:01:21,10.5,51.0,61.1,1.1,1635.4,4,2,1,8
2023-11-26 21:16:22,10.4,50.8,60.7,0.4,1635.0,4,2,2,8
2023-11-26 21:31:24,10.6,51.0,60.9,0.4,1635.0,4,2,2,8
2023-11-26 21:46:25,10.2,50.3,60.9,0.4,1635.0,4,2,2,8
2023-11-26 22:01:27,10.5,50.9,61.0,0.4,1635.0,4,2,2,8
2023-11-26 22:16:29,10.2,50.4,61.2,0.4,1635.0,4,2,2,8
2023-11-26 22:31:30,10.1,50.2,61.0,0.4,1635.0,4,2,2,8
2023-11-27 07:37:34,8.9,48.0,61.6,20.7,135391.4,112,89,114,266
2023-11-27 07:52:36,8.8,47.8,61.2,207.7,42815.1,716,648,796,1876
2023-11-27 08:07:38,9.1,48.3,61.5,671.6,37101.8,1937,1890,2299,5389
2023-11-27 08:22:39,8.6,47.6,61.1,1250.4,38316.3,3469,3464,4223,9851
2023-11-27 08:37:41,8.7,47.7,60.6,2144.2,21314.9,7111,6152,7183,17788
2023-11-27 08:52:42,9.1,48.4,61.2,2294.0,43245.2,6442,6465,7950,18467
2023-11-27 09:07:44,8.8,47.8,61.1,2684.4,48842.9,7521,7641,9474,21894
2023-11-27 09:22:51,8.9,48.0,60.8,2979.3,54699.5,8283,8535,10661,24538
2023-11-27 09:37:52,9.2,48.6,61.1,3262.3,60401.1,9045,9414,11832,27035
2023-11-27 09:52:54,8.7,47.7,61.0,3673.6,58860.3,10216,10592,13291,30461
2023-11-27 10:07:56,8.4,47.1,59.9,4146.5,55645.6,11601,11931,14918,34360
2023-11-27 10:22:57,8.5,47.3,59.3,4606.8,53075.3,12969,13239,16503,38191
2023-11-27 10:37:59,8.6,47.4,59.4,5483.8,42566.1,15486,15473,19006,44664
2023-11-27 10:53:01,8.8,47.8,58.2,6847.1,30498.5,19141,18617,22302,53520
2023-11-27 11:08:02,9.9,49.7,57.6,8761.0,22283.4,24506,23056,26880,65535
2023-11-27 11:23:04,10.0,50.0,56.7,10402.3,18426.0,29423,26957,30869,65535
2023-11-27 11:38:05,10.8,51.4,54.1,34196.2,8890.4,65535,65535,65535,65535
2023-11-27 11:53:07,11.2,52.1,52.6,34196.2,8890.4,65535,65535,65535,65535
2023-11-27 12:08:08,11.1,52.0,53.8,10803.6,22988.2,29229,28051,32766,65535
2023-11-27 12:23:15,13.4,56.1,48.8,34196.2,8890.4,65535,65535,65535,65535
2023-11-27 12:38:17,15.0,58.9,44.3,34196.2,8890.4,65535,65535,65535,65535
2023-11-27 12:53:18,16.2,61.1,42.2,34196.2,8890.4,65535,65535,65535,65535
2023-11-27 13:08:20,17.3,63.1,39.4,34196.2,8890.4,65535,65535,65535,65535
2023-11-27 13:23:21,17.5,63.6,39.0,33179.7,9169.6,65535,64891,65535,65535
2023-11-27 13:38:23,18.2,64.8,38.5,22113.6,14207.5,65535,57029,63700,65535
2023-11-27 13:53:25,17.8,64.1,40.1,23429.4,12896.3,65535,57826,63621,65535
2023-11-27 14:08:26,16.9,62.4,41.6,17752.2,14251.7,46198,42682,47297,65535
2023-11-27 14:23:28,15.8,60.5,43.2,18281.3,11706.8,45846,41984,45225,65535
2023-11-27 14:38:29,16.4,61.5,42.2,18778.8,10878.6,49288,43757,46842,65535
2023-11-27 14:53:31,17.2,63.0,40.5,18316.2,10475.9,47826,42335,45056,65535
2023-11-27 15:08:33,17.9,64.3,40.5,15779.8,10762.2,44699,38319,41248,65535
2023-11-27 15:23:34,18.3,65.0,41.4,14991.8,9524.6,43559,36349,38582,65535
2023-11-27 15:38:36,17.7,63.9,44.2,12556.7,9296.5,34046,29150,30604,65535
2023-11-27 15:53:38,16.8,62.2,47.2,8664.7,10448.3,24788,21078,22621,61155
2023-11-27 16:08:39,17.1,62.7,46.2,8375.7,8281.1,24555,20029,20857,58342
2023-11-27 16:23:41,17.0,62.7,47.3,7178.5,6933.0,22980,17688,18143,52837
2023-11-27 16:38:42,16.2,61.2,49.4,2731.6,13017.0,8136,6991,7735,20185
2023-11-27 16:53:44,15.4,59.8,51.7,1317.9,18109.0,3522,3309,3773,9198
2023-11-27 17:08:45,14.5,58.2,54.0,470.9,20556.2,1441,1288,1495,3628
2023-11-27 17:23:47,14.2,57.5,52.4,75.9,23453.4,306,246,291,707
2023-11-27 17:38:49,14.2,57.5,53.3,4.9,16943.1,25,18,21,54
2023-11-27 17:53:50,13.6,56.5,54.9,1.6,2037.4,5,3,2,10
2023-11-27 18:08:52,13.6,56.4,55.0,1.1,1635.4,4,2,1,8
2023-11-27 18:23:53,13.1,55.7,55.0,1.1,1635.4,4,2,1,7
2023-11-27 18:38:55,12.6,54.6,55.0,1.1,1635.4,4,2,1,7
2023-11-27 18:53:56,12.0,53.6,55.2,1.1,1635.4,4,2,1,7
2023-11-27 19:08:58,11.7,53.0,55.1,0.2,1635.0,2,1,1,4
2023-11-27 19:23:59,12.0,53.6,56.0,0.2,1635.0,2,1,1,4
2023-11-28 07:16:25,8.4,47.2,60.2,-0.5,1725.4,2,1,2,4
2023-11-28 07:31:27,8.6,47.4,60.2,4.4,2835878.2,31,24,32,74
2023-11-28 07:46:29,8.0,46.4,59.7,77.2,77466.2,347,290,366,859
2023-11-28 08:01:31,8.2,46.8,59.5,403.1,44643.5,1247,1194,1471,3423
2023-11-28 08:16:33,8.5,47.2,60.1,919.2,44395.4,2607,2609,3214,7423
2023-11-28 08:31:35,8.1,46.5,59.7,1440.9,50451.1,3946,4070,5058,11568
2023-11-28 08:46:36,8.2,46.7,59.4,1901.7,56283.2,5204,5422,6786,15449
2023-11-28 09:01:38,8.5,47.4,59.9,2351.8,56604.4,6525,6751,8451,19305
2023-11-28 09:16:39,8.3,47.0,59.9,2757.4,57985.1,7619,7917,9926,22682
2023-11-28 09:31:41,8.5,47.2,59.8,3202.3,56382.8,8979,9234,11555,26562
2023-11-28 09:46:42,8.7,47.6,59.9,3479.7,62716.7,9704,10100,12722,29014
2023-11-28 10:01:44,8.3,46.9,60.5,3902.6,61304.5,10907,11317,14235,32546
2023-11-28 10:16:46,8.1,46.6,60.2,4340.8,59048.2,12147,12555,15756,36155
2023-11-28 10:31:47,8.6,47.5,59.6,4949.1,51833.2,13871,14164,17630,40801
2023-11-28 10:46:49,8.6,47.5,59.8,5851.4,40958.6,16441,16412,20105,47286
2023-11-28 11:01:51,8.9,48.0,58.1,7543.7,26726.2,20686,20042,23738,57238
2023-11-28 11:16:52,10.2,50.4,56.7,9554.9,19769.2,26342,24628,28371,65535
2023-11-28 11:31:54,10.3,50.5,56.7,14926.2,14841.2,52683,42794,48523,65535
2023-11-28 11:46:56,11.0,51.9,53.8,34196.2,8890.4,65535,65535,65535,65535
2023-11-28 12:01:57,10.8,51.5,54.9,11162.2,25709.6,31125,29782,35168,65535
2023-11-28 12:16:59,11.5,52.8,54.4,25628.8,12656.5,65535,60107,65535,65535
2023-11-28 12:32:01,14.5,58.0,47.0,34196.2,8890.4,65535,65535,65535,65535
2023-11-28 12:47:03,15.6,60.0,43.1,34196.2,8890.4,65535,65535,65535,65535
2023-11-28 13:02:04,16.7,62.1,41.7,34196.2,8890.4,65535,65535,65535,65535
2023-11-28 13:17:06,17.4,63.3,40.8,34196.2,8890.4,65535,65535,65535,65535
2023-11-28 13:32:07,18.3,64.9,39.7,34196.2,8890.4,65535,65535,65535,65535
2023-11-28 13:47:09,18.2,64.8,40.2,28184.2,11092.7,65535,61726,65535,65535
2023-11-28 14:02:10,17.5,63.4,42.1,17136.6,16107.9,47790,43392,48963,65535
2023-11-28 14:17:12,16.5,61.7,44.3,17909.1,13286.1,47612,43159,47484,65535
2023-11-28 14:32:14,17.0,62.5,43.8,20813.8,10752.6,52848,47550,50662,65535
2023-11-28 14:47:15,17.3,63.2,43.0,19303.3,10993.2,50210,44822,48013,65535
2023-11-28 15:02:17,17.7,63.9,42.4,19522.3,9472.4,50771,44381,46514,65535
2023-11-28 15:17:18,17.7,63.8,42.4,14604.6,10643.5,38813,34163,36502,65535
2023-11-28 15:32:20,17.5,63.5,42.8,15184.3,8671.9,39438,34049,35187,65535
2023-11-28 15:47:21,16.3,61.4,44.8,10343.4,10036.6,28482,24485,26036,65535
2023-11-28 16:02:23,15.7,60.3,45.9,8403.8,9436.5,23354,19829,20920,56709
2023-11-28 16:17:25,15.9,60.6,45.0,7574.7,7995.8,23378,18601,19394,54845
2023-11-28 16:32:26,16.1,61.1,45.0,4922.4,6605.7,16804,12564,12915,37000
2023-11-28 16:47:28,14.4,57.9,48.4,1748.6,17381.2,4648,4357,4945,12112
2023-11-28 17:02:30,14.1,57.3,49.4,656.8,34029.5,1670,1726,2084,4782
2023-11-28 17:17:31,13.9,57.0,50.1,167.1,34435.2,547,498,603,1404
2023-11-28 17:32:33,13.1,55.5,50.9,14.4,51409.3,59,50,62,143
2023-11-28 17:47:34,13.1,55.6,51.2,0.3,-108693.8,2,2,3,7
2023-11-28 18:02:36,12.9,55.2,51.8,1.1,1635.4,4,2,1,8
2023-11-28 18:17:37,12.3,54.2,52.5,1.1,1635.4,4,2,1,7
2023-11-28 18:32:39,12.5,54.5,52.7,1.1,1635.4,4,2,1,7
2023-11-28 18:47:40,12.0,53.6,52.9,1.1,1635.4,4,2,1,7
2023-11-28 19:02:42,11.5,52.7,53.3,1.1,1635.4,4,2,1,7
2023-11-29 06:29:54,8.7,47.7,59.2,0.0,0.0,0,0,0,1
2023-11-29 06:44:57,8.9,47.9,58.8,0.0,0.0,0,0,0,1
2023-11-29 06:59:58,8.2,46.8,58.4,-0.3,40943.5,1,0,0,1
2023-11-29 07:15:00,8.4,47.2,58.4,0.5,8890.4,1,1,1,3
2023-11-29 07:30:01,8.6,47.5,58.9,2.3,-32556254.9,13,12,17,37
2023-11-29 07:45:03,8.2,46.8,58.6,48.1,266687.6,196,183,242,536
2023-11-29 08:00:05,8.3,46.9,58.5,288.6,85132.1,878,893,1142,2555
2023-11-29 08:15:08,8.5,47.4,58.6,725.0,61544.6,2134,2154,2708,6149
2023-11-29 08:30:10,8.3,46.9,58.6,1411.0,41174.4,4060,4005,4908,11436
2023-11-29 08:45:11,8.2,46.7,58.1,2096.7,36233.8,6143,5933,7205,16983
2023-11-29 09:00:13,8.6,47.5,58.4,2856.5,30947.4,8244,7902,9481,22532
2023-11-29 09:15:15,8.6,47.5,58.1,5289.8,17210.9,17682,14918,17100,43547
2023-11-29 09:30:16,8.5,47.4,58.0,4155.3,31505.1,12354,11688,14048,33692
2023-11-29 09:45:18,9.0,48.1,58.2,4796.6,31144.7,14125,13412,16104,38672
2023-11-29 10:00:19,8.4,47.2,58.5,5550.1,29702.1,16373,15461,18496,44585
2023-11-29 10:15:21,8.4,47.1,57.7,7021.6,24277.8,21520,19554,23029,56731
2023-11-29 10:30:23,9.0,48.1,57.5,6697.3,26364.4,20759,18917,22436,54820
2023-11-29 10:45:24,8.7,47.6,57.6,9456.7,21162.4,29426,26180,30484,65535
2023-11-29 11:00:26,9.5,49.1,55.9,9945.2,21675.1,28669,26503,30849,65535
2023-11-29 11:15:28,10.2,50.3,55.6,11510.3,18040.6,32889,29917,34201,65535
2023-11-29 11:30:29,10.6,51.2,55.9,15845.5,14649.7,50986,42968,48395,65535
2023-11-29 11:45:31,11.3,52.4,55.4,34196.2,8890.4,65535,65535,65535,65535
2023-11-29 12:00:32,11.3,52.3,56.4,14422.1,22680.4,40752,38225,44651,65535
2023-11-29 12:15:34,12.1,53.9,55.9,18481.2,16604.2,50691,46554,52658,65535
2023-11-29 12:30:35,14.8,58.6,50.1,34196.2,8890.4,65535,65535,65535,65535
2023-11-29 12:45:37,16.1,60.9,47.2,34196.2,8890.4,65535,65535,65535,65535
2023-11-29 13:00:38,16.1,61.0,47.6,34196.2,8890.4,65535,65535,65535,65535
2023-11-29 13:15:40,16.6,62.0,45.7,17053.9,15932.0,48815,43735,49361,65535
2023-11-29 13:30:42,16.5,61.6,45.8,34196.2,8890.4,65535,65535,65535,65535
2023-11-29 13:45:43,16.4,61.6,43.6,34196.2,8890.4,65535,65535,65535,65535
2023-11-29 14:00:45,15.1,59.2,46.4,19928.5,9895.8,65535,52304,56496,65535
2023-11-29 14:15:46,14.7,58.4,47.5,25528.4,10075.3,65535,58132,61413,65535
2023-11-29 14:30:48,14.5,58.2,48.0,20023.7,9513.6,64116,51452,55158,65535
2023-11-29 14:45:50,14.7,58.5,46.6,28314.6,9649.4,65535,60571,62866,65535
2023-11-29 15:00:51,16.2,61.1,43.1,23282.8,8388.0,63713,53542,55391,65535
2023-11-29 15:15:53,15.1,59.2,46.0,13189.3,10714.4,41714,34138,37095,65535
2023-11-29 15:30:54,14.8,58.7,46.2,15943.1,8327.8,44863,37232,38608,65535
2023-11-29 15:45:56,14.7,58.5,46.6,9638.6,10466.7,25964,22665,24191,64449
2023-11-29 16:00:57,14.3,57.7,47.5,8687.4,8856.6,24642,20562,21542,58518
2023-11-29 16:15:59,13.6,56.5,48.3,4464.3,14572.3,12836,11356,12696,32395
2023-11-29 16:31:01,14.8,58.7,46.7,4514.0,6767.5,15768,11736,12147,34299
2023-11-29 16:46:02,13.2,55.7,50.7,2072.1,11561.2,6306,5292,5784,14813
2023-11-29 17:01:04,12.9,55.2,51.5,789.0,17216.2,2478,2148,2455,6017
2023-11-29 17:16:05,12.8,55.0,52.7,186.2,30073.0,626,556,667,1566
2023-11-29 17:31:07,12.1,53.8,53.1,18.1,39286.1,77,63,77,181
2023-11-29 17:46:08,12.2,54.0,53.7,1.0,63730.4,5,4,5,13
2023-11-29 18:01:10,11.8,53.3,54.4,0.2,1635.0,2,1,1,4
2023-11-29 18:16:11,10.0,50.0,52.5,0.2,1635.0,2,1,1,4
2023-11-30 07:05:12,9.7,49.4,60.1,0.5,8890.4,1,1,1,2
2023-11-30 07:20:15,9.7,49.4,59.8,0.2,1635.0,2,1,1,4
2023-11-30 07:35:17,9.4,48.9,59.9,4.2,289165.8,15,15,20,43
2023-11-30 07:50:18,9.7,49.5,59.7,45.8,188697.3,177,167,219,489
2023-11-30 08:05:20,10.0,50.0,60.0,255.1,59547.7,842,799,1001,2304
2023-11-30 08:20:22,10.2,50.4,60.0,594.3,33633.6,2045,1815,2195,5241
2023-11-30 08:35:23,10.5,50.9,59.8,1218.6,17515.6,4522,3660,4222,10713
2023-11-30 08:50:25,10.7,51.3,59.7,2131.3,12795.3,7998,6247,7012,18363
2023-11-30 09:05:26,10.6,51.0,60.0,2292.4,13092.1,8208,6543,7337,19066
2023-11-30 09:20:28,10.9,51.6,60.4,3282.3,11463.1,11689,9204,10179,26790
2023-11-30 09:35:30,11.0,51.8,60.8,4754.7,10495.5,17355,13409,14722,39298
2023-11-30 09:50:31,10.7,51.3,60.4,5821.7,9782.6,21008,16171,17600,47218
2023-11-30 10:05:33,11.2,52.1,59.7,6986.3,9597.4,25536,19523,21229,57287
2023-11-30 10:20:34,11.4,52.5,59.6,8688.9,9207.4,31549,24063,26026,65535
2023-11-30 10:35:36,11.2,52.1,59.2,10356.9,9168.1,38127,28924,31312,65535
2023-11-30 10:50:38,11.7,53.1,58.4,9656.5,9345.0,34621,26572,28752,65535
2023-11-30 11:05:39,11.5,52.7,59.1,9723.4,9120.2,33929,26223,28215,65535
2023-11-30 11:20:41,11.8,53.2,57.5,14699.7,8544.9,53645,40489,43435,65535
2023-11-30 11:35:43,12.1,53.7,56.7,12425.1,8938.9,44626,34052,36662,65535
2023-11-30 11:50:44,11.5,52.8,55.7,14596.8,8847.6,54918,41179,44499,65535
2023-11-30 12:05:46,11.7,53.0,55.5,10477.1,9213.8,37317,28662,30942,65535
2023-11-30 12:20:47,11.8,53.3,54.8,15371.5,8443.6,55513,41993,44932,65535
2023-11-30 12:35:49,11.7,53.1,54.1,17119.6,8039.4,61555,46361,49283,65535
2023-11-30 12:50:51,11.7,53.1,54.4,14510.1,8541.8,52664,39823,42693,65535
2023-11-30 13:05:52,12.1,53.8,55.3,11833.0,8996.9,44103,33241,35954,65535
2023-11-30 13:20:54,11.4,52.5,53.8,10347.4,8886.8,38774,29129,31480,65535
2023-11-30 13:35:55,11.6,52.9,54.6,6528.6,9849.4,23227,17986,19564,52641
2023-11-30 13:50:57,11.5,52.7,54.7,10704.5,7824.4,36330,27830,29275,65535
2023-11-30 14:05:59,12.5,54.4,52.0,25258.0,9594.6,65535,57452,60316,65535
2023-11-30 14:21:00,13.3,55.9,51.6,26319.4,10336.7,65535,59159,62547,65535
2023-11-30 14:36:02,12.4,54.3,53.5,17795.7,7473.4,61577,46575,48811,65535
2023-11-30 14:51:04,12.1,53.7,53.4,14547.0,7361.2,50237,37950,39680,65535
2023-11-30 15:06:05,12.4,54.3,54.3,8460.1,8457.1,30123,22905,24474,65535
2023-11-30 15:21:07,12.0,53.7,56.4,5115.2,9447.0,18094,13973,15118,40603
2023-11-30 15:36:08,11.8,53.2,56.7,5529.2,9612.4,20053,15377,16711,44893
2023-11-30 15:51:10,12.2,53.9,56.4,5001.9,8198.0,17140,13162,13947,37672
2023-11-30 16:06:11,12.1,53.8,57.2,4549.7,7330.3,16678,12339,12995,35647
2023-11-30 16:21:13,11.7,53.0,57.5,2435.2,15456.7,7416,6439,7269,18052
2023-11-30 16:36:15,12.0,53.5,57.9,1522.9,16489.9,5698,4570,5247,13320
2023-11-30 16:51:16,11.7,53.0,58.3,659.5,28514.0,2405,2050,2453,5922
2023-11-30 17:06:18,11.6,52.9,58.3,150.2,158684.1,500,505,662,1455
2023-11-30 17:21:19,11.8,53.2,58.6,25.2,332496.8,114,102,135,300
2023-11-30 17:36:21,11.4,52.6,58.7,2.6,111116.6,14,11,14,34
2023-11-30 17:51:23,11.2,52.1,58.6,0.1,3225.0,5,2,2,9
2023-11-30 18:06:24,11.3,52.3,58.7,1.1,1635.4,4,2,1,8
2023-11-30 18:21:26,11.0,51.8,58.8,1.1,1635.4,4,2,1,8
2023-11-30 18:36:27,10.8,51.4,58.5,1.1,1635.4,4,2,1,8
2023-11-30 18:51:29,10.6,51.1,58.5,1.1,1635.4,4,2,1,7
2023-11-30 22:18:03,10.7,51.2,60.2,0.2,1635.0,2,1,1,4
2023-11-30 22:33:05,10.6,51.0,60.3,0.2,1635.0,2,1,1,4
2023-11-30 22:48:07,10.3,50.5,60.2,-0.3,40943.5,1,0,0,2
2023-11-30 23:03:09,10.1,50.1,60.1,1.3,2410.6,1,1,0,2
2023-11-30 23:18:10,10.5,50.9,60.1,1.3,2410.6,1,1,0,2
2023-11-30 23:33:12,10.3,50.5,60.3,1.3,2410.6,1,1,0,2
2023-11-30 23:48:13,10.3,50.5,60.3,0.5,8890.4,1,1,1,2
2023-12-01 00:03:15,10.7,51.2,60.2,0.5,8890.4,1,1,1,2
2023-12-01 00:18:16,10.3,50.6,60.5,0.5,8890.4,1,1,1,2
2023-12-01 00:33:18,10.3,50.6,60.2,0.5,8890.4,1,1,1,2
2023-12-01 00:48:20,10.6,51.1,60.1,0.5,8890.4,1,1,1,2
2023-12-01 01:03:21,10.2,50.4,60.7,0.5,8890.4,1,1,1,2
2023-12-01 01:18:23,10.5,50.9,60.3,0.5,8890.4,1,1,1,2
2023-12-01 01:33:24,10.5,50.8,60.4,0.5,8890.4,1,1,1,3
2023-12-01 01:48:26,10.2,50.4,60.7,0.5,8890.4,1,1,1,2
2023-12-01 02:03:28,10.6,51.1,60.4,0.5,8890.4,1,1,1,3
2023-12-01 02:18:29,10.4,50.8,60.7,0.2,1635.0,2,1,1,4
2023-12-01 02:33:31,10.3,50.6,60.6,0.2,1635.0,2,1,1,4
2023-12-01 02:48:32,10.7,51.2,60.5,0.2,1635.0,2,1,1,5
2023-12-01 03:03:34,10.3,50.5,60.8,1.5,2184.1,3,2,1,5
2023-12-01 03:18:36,10.4,50.7,60.7,1.5,2184.1,3,2,1,6
2023-12-01 03:33:37,10.5,50.9,60.4,0.7,4380.5,3,2,2,6
2023-12-01 03:48:39,10.2,50.3,60.8,1.5,2184.1,3,2,1,5
2023-12-01 04:03:41,10.5,50.9,60.7,1.5,2184.1,3,2,1,6
2023-12-01 04:18:42,10.4,50.7,60.9,1.5,2184.1,3,2,1,5
2023-12-01 04:33:44,10.2,50.4,60.9,1.5,2184.1,3,2,1,5
2023-12-01 04:48:45,10.5,51.0,60.8,1.5,2184.1,3,2,1,6
2023-12-01 05:03:47,10.2,50.4,61.2,0.7,4380.5,3,2,2,6
2023-12-01 05:18:48,10.3,50.6,60.8,0.7,4380.5,3,2,2,6
2023-12-01 05:33:50,10.5,51.0,60.8,0.7,4380.5,3,2,2,7
2023-12-01 05:48:52,10.1,50.2,61.1,0.4,1635.0,4,2,2,7
2023-12-01 06:03:53,10.5,50.9,60.8,0.4,1635.0,4,2,2,7
2023-12-01 09:25:17,10.9,51.6,59.6,6023.5,14737.3,22053,17642,20033,51786
2023-12-01 09:40:20,10.8,51.4,59.7,6057.5,15358.1,21651,17560,19988,51408
2023-12-01 09:55:22,10.9,51.7,58.2,10708.0,10391.5,38051,29659,32451,65535
2023-12-01 10:10:23,11.2,52.1,58.3,5751.0,10253.2,20228,15803,17249,46151
2023-12-01 10:25:25,10.7,51.3,59.2,4120.7,10757.1,14027,11157,12208,32420
2023-12-01 10:40:26,10.2,50.4,60.1,3751.3,11079.8,12877,10244,11254,29888
2023-12-01 10:55:28,11.0,51.8,59.0,3986.4,10726.7,13384,10699,11689,30995
2023-12-01 11:10:29,10.9,51.7,59.1,6344.8,10262.4,21807,17187,18722,50009
2023-12-01 11:25:31,10.8,51.4,58.9,7464.9,10170.9,25726,20234,22024,58953
2023-12-01 11:40:33,11.5,52.7,57.3,11133.0,9618.9,39218,30396,32942,65535
2023-12-01 11:55:34,11.2,52.2,58.6,5254.3,10491.2,18211,14344,15676,41872
2023-12-01 12:10:36,11.0,51.7,58.9,5446.0,9979.2,18826,14757,16032,43054
2023-12-01 12:25:37,11.2,52.2,58.6,5246.7,10348.4,18161,14289,15590,41709
2023-12-01 12:40:39,11.2,52.1,58.8,5610.7,10053.7,19478,15257,16596,44544
2023-12-01 12:55:41,10.9,51.6,59.3,4281.2,10302.3,14863,11675,12735,34154
2023-12-01 13:10:42,11.0,51.8,59.5,3389.8,10468.3,11678,9217,10065,26972
2023-12-01 13:25:44,11.0,51.7,60.8,2097.5,11172.2,7134,5701,6264,16685
2023-12-01 13:40:45,10.7,51.3,60.8,2713.6,11936.8,9239,7436,8230,21695
2023-12-01 13:55:47,11.1,51.9,59.2,10587.3,10659.9,37873,29532,32421,65535
2023-12-01 14:10:49,11.8,53.3,57.9,5934.2,10983.3,19951,15984,17512,46291
2023-12-01 14:25:50,11.5,52.7,58.9,8881.9,11636.3,30796,24540,27125,65535
2023-12-01 14:40:52,11.8,53.3,57.3,13534.2,9011.1,47952,36804,39606,65535
2023-12-01 14:55:53,11.6,52.8,59.0,5293.8,12407.7,17750,14436,16025,41814
2023-12-01 15:10:55,11.0,51.8,60.4,3100.9,12287.1,10730,8609,9569,25108
2023-12-01 15:25:57,11.3,52.3,59.7,4376.3,11258.0,15093,12007,13219,34841
2023-12-01 15:40:58,11.2,52.1,60.4,2689.0,11621.9,8923,7233,7966,20800
2023-12-01 15:56:00,11.1,51.9,60.1,3817.8,16922.6,13689,11197,12858,32806
2023-12-01 16:11:02,11.4,52.4,60.2,2545.8,34309.2,7518,7195,8703,20309
2023-12-01 16:26:03,10.9,51.6,61.2,1033.9,22654.7,3634,3083,3624,8951
2023-12-01 16:41:05,11.0,51.8,61.0,716.9,14358.9,2826,2192,2494,6405
2023-12-01 16:56:07,11.0,51.8,61.2,424.0,79656.2,1495,1402,1781,4065
2023-12-01 17:11:08,10.8,51.4,61.6,74.9,314578.9,268,270,361,786
2023-12-01 17:26:10,11.0,51.8,61.6,12.3,-441104804.8,57,58,83,171
2023-12-01 17:41:11,10.6,51.1,62.1,1.4,55934.6,4,4,5,12
2023-12-01 17:56:13,10.9,51.6,61.7,1.3,1628.6,6,3,2,11
2023-12-01 18:11:14,10.8,51.5,62.0,1.6,2037.4,5,3,2,10
2023-12-01 18:26:16,10.5,51.0,62.2,0.1,3225.0,5,2,2,9
2023-12-01 18:41:18,10.7,51.3,62.2,1.1,1635.4,4,2,1,7
2023-12-01 18:56:19,10.4,50.8,62.8,1.1,1635.4,4,2,1,7
2023-12-01 19:11:21,10.1,50.2,62.8,1.1,1635.4,4,2,1,7
2023-12-01 19:26:23,10.0,50.0,62.7,1.1,1635.4,4,2,1,8
2023-12-01 19:41:24,10.1,50.1,62.6,1.1,1635.4,4,2,1,7
2023-12-01 19:56:26,10.0,49.9,63.0,1.1,1635.4,4,2,1,7
2023-12-01 20:11:27,9.8,49.7,63.1,1.1,1635.4,4,2,1,6
2023-12-01 20:26:29,10.0,50.0,63.1,1.1,1635.4,4,2,1,7
2023-12-01 20:41:31,9.7,49.4,63.3,1.1,1635.4,4,2,1,7
2023-12-01 20:56:32,10.0,50.0,63.3,1.1,1635.4,4,2,1,7
2023-12-01 21:11:34,9.8,49.7,63.4,1.1,1635.4,4,2,1,7
2023-12-01 23:51:05,10.6,51.1,63.2,1.5,2184.1,3,2,1,6
2023-12-02 00:06:07,10.3,50.5,63.5,1.1,1635.4,4,2,1,7
2023-12-02 00:21:09,10.6,51.1,63.3,1.1,1635.4,4,2,1,7
2023-12-02 00:36:10,10.3,50.5,63.5,0.4,1635.0,4,2,2,8
2023-12-02 00:51:12,10.5,50.9,63.1,0.4,1635.0,4,2,2,8
2023-12-02 01:06:14,10.4,50.8,63.4,0.4,1635.0,4,2,2,8
2023-12-02 01:21:15,10.4,50.7,63.3,0.1,3225.0,5,2,2,8
2023-12-02 01:36:17,10.7,51.3,62.9,1.6,2037.4,5,3,2,9
2023-12-02 01:51:18,10.4,50.7,63.3,0.1,3225.0,5,2,2,9
2023-12-02 02:06:20,10.8,51.4,62.9,0.2,1635.0,2,1,1,4
2023-12-02 02:21:21,10.5,50.9,63.2,0.2,1635.0,2,1,1,4
2023-12-02 02:36:23,10.8,51.4,62.8,0.2,1635.0,2,1,1,4
2023-12-02 02:51:24,10.8,51.4,62.8,0.2,1635.0,2,1,1,4
2023-12-02 03:06:26,10.8,51.5,62.8,0.2,1635.0,2,1,1,4
2023-12-02 03:21:27,11.0,51.8,62.3,0.2,1635.0,2,1,1,3
2023-12-02 03:36:29,10.8,51.4,62.7,0.2,1635.0,2,1,1,3
2023-12-02 03:51:31,11.1,52.0,62.4,0.2,1635.0,2,1,1,3
2023-12-02 04:06:32,11.0,51.9,62.5,0.2,1635.0,2,1,1,3
2023-12-02 04:21:34,10.9,51.7,62.5,0.2,1635.0,2,1,1,4
2023-12-02 04:36:35,11.3,52.3,62.1,0.2,1635.0,2,1,1,4
2023-12-02 04:51:37,10.9,51.7,62.6,0.2,1635.0,2,1,1,4
2023-12-02 05:06:39,11.2,52.1,62.2,0.2,1635.0,2,1,1,3
2023-12-02 05:21:40,11.1,52.0,62.2,0.2,1635.0,2,1,1,3
2023-12-02 05:36:42,11.0,51.9,62.3,0.2,1635.0,2,1,1,3
2023-12-02 09:16:03,11.7,53.0,61.2,3323.4,11268.7,12051,9407,10400,27461
2023-12-02 09:31:06,11.4,52.6,61.6,2972.9,11663.0,10443,8282,9166,24133
2023-12-02 09:46:07,11.8,53.3,60.8,3112.0,11567.0,10988,8689,9612,25353
2023-12-02 10:01:09,11.6,52.9,61.3,2692.4,11512.9,9407,7465,8247,21773
2023-12-02 10:16:10,11.7,53.0,60.8,4637.4,11148.1,16513,12963,14294,37981
2023-12-02 10:31:12,12.0,53.6,60.5,2707.0,11309.6,9508,7515,8290,21989
2023-12-02 10:46:14,11.8,53.2,60.8,3150.6,10972.3,11085,8726,9596,25543
2023-12-02 11:01:15,11.5,52.7,61.3,3627.9,11467.2,12638,10036,11080,29335
2023-12-02 11:16:17,11.4,52.5,61.3,2666.7,11299.3,9114,7279,8011,21225
2023-12-02 11:31:18,11.8,53.2,60.9,3079.1,10584.5,10250,8208,8947,23780
2023-12-02 11:46:20,11.7,53.1,60.8,4265.5,10562.7,14621,11574,12646,33716
2023-12-02 12:01:22,11.5,52.7,61.1,2335.2,11189.9,8032,6392,7031,18677
2023-12-02 12:16:23,11.4,52.6,61.1,2450.1,11005.1,8446,6703,7361,19584
2023-12-02 12:31:25,11.9,53.4,60.7,2842.4,10485.4,9786,7727,8439,22582
2023-12-02 12:46:26,11.8,53.2,60.8,2820.8,10892.0,9773,7732,8485,22640
2023-12-02 13:01:28,12.2,53.9,60.5,2999.8,11432.3,10252,8199,9035,23876
2023-12-02 13:16:30,12.5,54.5,60.4,2713.2,10456.8,9751,7574,8301,22306
2023-12-02 13:31:31,12.3,54.2,60.9,2119.4,13480.7,7188,5873,6581,17121
2023-12-02 13:46:33,12.1,53.8,61.4,1182.4,13443.6,4003,3272,3665,9563
2023-12-02 14:01:34,12.5,54.6,60.7,3528.9,12411.6,12260,9832,10943,28729
2023-12-02 14:16:36,12.4,54.3,61.0,4431.0,9790.7,14591,11624,12541,33352
2023-12-02 14:31:37,12.7,54.8,60.6,5001.1,10924.4,17151,13627,14946,39655
2023-12-02 14:46:39,12.4,54.3,61.3,3891.4,10978.9,13359,10616,11651,30898
2023-12-02 15:01:40,12.1,53.7,61.9,1592.8,11245.9,5316,4283,4702,12350
2023-12-02 15:16:42,12.2,53.9,62.0,1016.5,12835.7,3631,2891,3235,8474
2023-12-02 15:31:43,12.3,54.1,62.6,1011.0,12699.5,3525,2830,3158,8250
2023-12-02 15:46:45,12.2,53.9,63.3,974.9,13867.3,3430,2770,3120,8070
2023-12-02 16:01:46,12.2,53.9,63.2,974.4,14486.0,3508,2820,3194,8238
2023-12-02 16:16:48,12.2,53.9,64.5,327.8,18649.9,1199,982,1138,2890
2023-12-02 16:31:50,12.1,53.9,66.2,287.5,21358.2,1055,874,1024,2548
2023-12-02 16:46:51,12.3,54.2,67.6,114.1,40574.0,426,370,453,1077
2023-12-02 17:01:53,12.3,54.1,68.4,69.4,154533.1,261,247,322,717
2023-12-02 17:16:55,12.4,54.4,68.7,9.7,35151268.2,36,40,57,117
2023-12-02 17:31:56,12.3,54.1,68.6,0.9,20916.8,8,5,6,18
2023-12-02 17:46:58,12.0,53.6,68.4,1.6,2037.4,5,3,2,10
2023-12-02 18:01:59,11.7,53.1,68.0,0.1,3225.0,5,2,2,9
2023-12-02 18:17:01,11.9,53.4,67.7,1.3,1628.6,6,3,2,11
2023-12-02 18:32:02,11.9,53.4,67.7,1.3,1628.6,6,3,2,11
2023-12-02 18:47:04,11.5,52.7,67.2,1.3,1628.6,6,3,2,11
2023-12-02 19:02:05,11.3,52.3,66.4,1.3,1628.6,6,3,2,10
2023-12-02 22:18:38,11.5,52.7,69.1,-0.1,3071098355.0,3,1,1,5
2023-12-02 22:33:41,11.2,52.2,68.7,-0.1,3071098355.0,3,1,1,5
2023-12-02 22:48:42,11.0,51.8,68.4,-0.1,3071098355.0,3,1,1,5
2023-12-02 23:03:44,10.8,51.5,68.1,1.3,2410.6,1,1,0,2
2023-12-02 23:18:45,11.2,52.1,68.1,0.5,8890.4,1,1,1,2
2023-12-02 23:33:47,11.2,52.1,68.5,0.5,8890.4,1,1,1,2
2023-12-02 23:48:48,11.0,51.8,68.4,0.5,8890.4,1,1,1,2
2023-12-03 00:03:50,11.4,52.5,68.5,0.5,8890.4,1,1,1,3
2023-12-03 00:18:52,11.1,52.0,68.5,0.5,8890.4,1,1,1,2
2023-12-03 00:33:53,11.2,52.2,68.2,0.5,8890.4,1,1,1,3
2023-12-03 00:48:55,11.4,52.6,68.1,0.5,8890.4,1,1,1,3
2023-12-03 01:03:56,11.1,52.0,68.4,0.5,8890.4,1,1,1,3
2023-12-03 01:18:58,11.4,52.5,68.0,0.5,8890.4,1,1,1,3
2023-12-03 01:33:59,11.4,52.6,68.1,0.5,8890.4,1,1,1,3
2023-12-03 01:49:01,11.2,52.2,68.1,0.5,8890.4,1,1,1,3
2023-12-03 02:04:03,11.5,52.8,67.9,0.5,8890.4,1,1,1,2
2023-12-03 02:19:04,11.3,52.4,68.0,0.5,8890.4,1,1,1,2
2023-12-03 02:34:06,11.4,52.5,67.7,0.5,8890.4,1,1,1,3
2023-12-03 02:49:07,11.6,52.9,67.5,0.5,8890.4,1,1,1,2
2023-12-03 03:04:09,11.3,52.3,68.0,0.5,8890.4,1,1,1,2
2023-12-03 03:19:10,11.5,52.7,67.4,0.5,8890.4,1,1,1,2
2023-12-03 03:34:12,11.5,52.7,67.6,0.5,8890.4,1,1,1,2
2023-12-03 03:49:13,11.2,52.1,67.8,0.5,8890.4,1,1,1,2
2023-12-03 04:04:15,11.6,52.8,67.4,0.5,8890.4,1,1,1,2
2023-12-03 04:19:16,11.4,52.5,67.5,0.5,8890.4,1,1,1,2
2023-12-03 04:34:18,11.3,52.4,67.5,0.5,8890.4,1,1,1,2
2023-12-03 04:49:19,11.7,53.0,67.0,0.5,8890.4,1,1,1,2
2023-12-03 05:04:21,11.3,52.4,67.5,0.5,8890.4,1,1,1,2
2023-12-03 05:19:22,11.5,52.7,67.2,0.5,8890.4,1,1,1,2
2023-12-03 05:34:24,11.6,52.8,67.0,0.5,8890.4,1,1,1,2
2023-12-03 05:49:26,11.3,52.3,67.3,0.5,8890.4,1,1,1,2
2023-12-03 06:04:27,11.6,53.0,66.8,0.5,8890.4,1,1,1,2
2023-12-03 06:19:29,11.5,52.6,67.0,0.5,8890.4,1,1,1,2
2023-12-03 06:34:30,11.2,52.2,67.2,1.3,2410.6,1,1,0,2
2023-12-03 06:49:32,11.0,51.9,67.0,0.5,8890.4,1,1,1,2
2023-12-03 07:04:33,11.4,52.6,66.6,0.5,8890.4,1,1,1,2
2023-12-03 07:19:35,11.2,52.1,67.0,0.5,8890.4,1,1,1,3
2023-12-03 07:34:36,11.0,51.8,66.9,1.4,55934.6,4,4,5,12
2023-12-03 07:49:38,11.4,52.5,66.4,15.4,2500398429.5,62,67,96,197
2023-12-03 08:04:39,11.2,52.2,66.8,96.6,419122.0,305,334,453,966
2023-12-03 12:13:26,11.8,53.2,65.3,3456.2,10101.7,12073,9440,10280,27573
2023-12-03 12:28:28,12.2,53.9,64.7,3913.6,10016.1,13614,10651,11583,31101
2023-12-03 12:43:30,11.9,53.5,65.4,3531.7,10382.9,12339,9678,10572,28291
2023-12-03 12:58:32,11.8,53.3,65.5,3349.6,10514.9,11553,9119,9964,26601
2023-12-03 13:13:33,11.7,53.1,65.5,3455.1,10204.9,11934,9382,10218,27363
2023-12-03 13:28:35,12.1,53.8,64.8,2898.1,10749.3,10182,8001,8778,23433
2023-12-03 13:43:36,11.9,53.4,65.3,2844.7,10940.0,9947,7846,8621,22962
2023-12-03 13:58:38,11.7,53.1,65.6,2715.6,11168.5,9421,7471,8222,21826
2023-12-03 14:13:39,12.2,53.9,64.9,2961.1,11403.4,10165,8113,8941,23593
2023-12-03 14:28:41,12.1,53.7,65.1,2730.0,11189.9,9538,7545,8310,22046
2023-12-03 14:43:43,11.9,53.4,65.6,3319.0,10995.0,11834,9271,10209,27223
2023-12-03 14:58:44,11.8,53.3,65.4,3890.1,10600.8,13533,10657,11664,31109
2023-12-03 15:13:46,12.2,53.9,64.6,2880.2,11070.0,10154,7995,8802,23348
2023-12-03 15:28:48,11.9,53.4,65.7,1356.7,13250.0,4660,3781,4233,10975
2023-12-03 15:43:49,11.8,53.2,65.9,2383.7,12933.2,8406,6732,7532,19611
2023-12-03 15:58:50,11.7,53.0,66.0,930.0,13464.9,3202,2600,2916,7521
2023-12-03 16:13:52,11.6,52.9,66.2,502.7,14558.5,1786,1444,1635,4204
2023-12-03 16:28:54,11.6,52.9,66.0,1378.7,12299.6,5109,3993,4461,11620
2023-12-03 16:43:55,12.0,53.6,65.8,545.6,15013.5,2082,1642,1872,4755
2023-12-03 16:58:57,11.7,53.1,66.6,186.2,38187.3,685,596,727,1717
2023-12-03 17:13:58,11.6,52.9,66.7,38.3,409706.3,166,153,204,458
2023-12-03 17:29:00,11.7,53.0,66.5,5.2,10328.0,32,21,24,70
2023-12-03 17:44:02,12.0,53.6,66.3,3.1,1659.9,21,10,8,38
2023-12-03 17:59:03,11.8,53.2,66.7,2.6,1850.1,20,9,7,36
2023-12-03 18:14:05,11.5,52.8,66.8,2.6,1850.1,20,9,7,36
2023-12-03 18:29:06,11.7,53.1,66.5,2.6,1850.1,20,9,7,36
2023-12-03 18:44:08,11.7,53.1,66.8,2.6,1850.1,20,9,7,35
2023-12-03 18:59:09,11.6,52.9,66.9,2.6,1850.1,20,9,7,35
2023-12-03 19:14:11,11.7,53.1,66.8,2.6,1850.1,20,9,7,36
2023-12-03 19:29:12,11.7,53.1,66.9,2.6,1850.1,20,9,7,36
2023-12-03 19:44:14,11.6,52.8,67.0,2.6,1850.1,20,9,7,35
2023-12-03 19:59:15,11.9,53.5,66.9,2.6,1850.1,20,9,7,36
2023-12-03 22:30:47,12.2,54.0,69.4,1.5,2184.1,3,2,1,6
2023-12-03 22:45:49,12.1,53.8,69.3,1.5,2184.1,3,2,1,6
2023-12-03 23:00:51,12.0,53.6,69.2,1.5,2184.1,3,2,1,6
2023-12-03 23:15:52,11.8,53.3,68.9,-0.1,3071098355.0,3,1,1,5
2023-12-03 23:30:54,11.8,53.2,68.9,-0.1,3071098355.0,3,1,1,5
2023-12-03 23:45:55,12.2,53.9,68.4,0.5,8890.4,1,1,1,2
2023-12-04 00:00:57,12.0,53.6,68.7,0.5,8890.4,1,1,1,2
2023-12-04 00:15:59,11.9,53.5,68.7,0.5,8890.4,1,1,1,2
2023-12-04 00:31:00,12.4,54.3,68.3,0.5,8890.4,1,1,1,2
2023-12-04 00:46:02,12.1,53.9,68.6,0.5,8890.4,1,1,1,2
2023-12-04 01:01:04,12.2,53.9,68.5,0.5,8890.4,1,1,1,2
2023-12-04 01:16:05,12.5,54.4,68.0,0.5,8890.4,1,1,1,2
2023-12-04 01:31:07,12.2,54.0,68.4,0.5,8890.4,1,1,1,2
2023-12-04 01:46:09,12.4,54.3,68.1,0.5,8890.4,1,1,1,2
2023-12-04 02:01:10,12.5,54.6,67.8,0.5,8890.4,1,1,1,2
2023-12-04 02:16:12,12.4,54.2,68.3,0.5,8890.4,1,1,1,2
2023-12-04 02:31:13,12.4,54.3,67.9,0.5,8890.4,1,1,1,2
2023-12-04 02:46:15,12.6,54.7,67.7,0.5,8890.4,1,1,1,2
2023-12-04 03:01:17,12.4,54.3,68.1,0.5,8890.4,1,1,1,2
2023-12-04 03:16:18,12.5,54.5,67.7,1.3,2410.6,1,1,0,2
2023-12-04 03:31:20,12.6,54.7,67.7,-0.3,40943.5,1,0,0,1
2023-12-04 03:46:22,12.4,54.3,68.1,0.5,8890.4,1,1,1,2
2023-12-04 04:01:23,12.5,54.5,67.6,1.3,2410.6,1,1,0,2
2023-12-04 04:16:25,12.7,54.8,67.3,0.5,8890.4,1,1,1,2
2023-12-04 04:31:27,12.5,54.4,67.7,1.3,2410.6,1,1,0,2
2023-12-04 04:46:28,12.3,54.2,67.9,-0.3,40943.5,1,0,0,2
2023-12-04 05:01:30,12.7,54.9,67.1,-0.3,40943.5,1,0,0,1
2023-12-04 05:16:31,12.5,54.5,67.6,0.5,8890.4,1,1,1,2
2023-12-04 05:31:33,12.4,54.2,67.8,0.5,8890.4,1,1,1,2
2023-12-04 05:46:34,12.7,54.9,67.0,0.5,8890.4,1,1,1,2
2023-12-04 06:01:36,12.6,54.6,67.4,0.5,8890.4,1,1,1,2
2023-12-04 06:16:38,12.4,54.4,67.6,1.3,2410.6,1,1,0,2
2023-12-04 06:31:39,12.8,55.0,66.9,0.5,8890.4,1,1,1,2
2023-12-04 06:46:41,12.6,54.6,67.4,0.5,8890.4,1,1,1,2
2023-12-04 07:01:43,12.4,54.3,67.6,0.5,8890.4,1,1,1,2
2023-12-04 07:16:45,12.3,54.1,67.6,0.5,8890.4,1,1,1,3
2023-12-04 07:31:46,12.2,54.0,67.5,1.9,31381.6,5,5,6,14
2023-12-04 07:46:48,12.6,54.7,66.8,16.4,604903.8,83,72,96,211
2023-12-04 08:01:50,12.4,54.3,67.3,91.3,84339.8,392,336,426,989
2023-12-04 08:16:51,12.2,54.0,67.5,319.0,31004.6,1216,1024,1233,2971
2023-12-04 12:19:09,14.6,58.2,61.5,16060.2,8769.2,58423,44279,47630,65535
2023-12-04 12:34:12,14.9,58.9,60.2,21706.4,9022.5,65535,53455,56549,65535
2023-12-04 12:49:14,14.9,58.8,60.6,17487.3,8685.9,61860,47298,50666,65535
2023-12-04 13:04:15,15.1,59.2,60.0,17439.6,8354.9,59892,46064,48943,65535
2023-12-04 13:19:17,15.3,59.5,59.6,19228.3,8640.3,65535,50754,54110,65535
2023-12-04 13:34:18,15.3,59.5,59.7,20043.4,8267.3,65535,51250,54066,65535
2023-12-04 13:49:20,15.6,60.1,59.4,13074.7,8944.2,47754,36225,39073,65535
2023-12-04 14:04:22,15.1,59.2,61.3,7702.5,9775.0,26596,20806,22547,60542
2023-12-04 14:19:23,15.0,59.0,61.7,7545.7,8845.5,26268,20245,21697,58855
2023-12-04 14:34:25,14.8,58.6,62.5,5873.3,10215.7,19916,15769,17147,45610
2023-12-04 14:49:27,14.7,58.5,62.8,4787.9,8578.7,15165,12060,12739,34120
2023-12-04 15:04:28,15.1,59.1,61.9,4906.4,9372.9,17987,13700,14862,40169
2023-12-04 15:19:30,15.2,59.4,61.6,9622.2,7751.0,33268,25287,26628,65535
2023-12-04 15:34:32,15.2,59.4,61.5,7359.5,7968.7,26753,20052,21320,58544
2023-12-04 15:49:33,14.9,58.9,62.6,4034.3,10494.3,13662,10857,11841,31280
2023-12-04 16:04:35,14.7,58.4,63.4,1735.8,12966.7,6003,4846,5416,14051
2023-12-04 16:19:37,14.6,58.3,63.6,2329.2,9547.7,8081,6293,6804,18336
2023-12-04 16:34:38,14.6,58.3,63.3,2268.6,12537.7,7712,6245,6947,17906
2023-12-04 16:49:40,14.5,58.1,63.8,1255.7,16541.2,3709,3290,3734,9163
2023-12-04 17:04:42,14.4,57.8,64.1,247.4,42643.0,881,785,964,2275
2023-12-04 17:19:43,14.2,57.6,64.3,62.9,17639.4,413,276,326,823
2023-12-04 17:34:45,14.2,57.5,64.4,5.0,80446.2,23,19,24,57
2023-12-04 17:49:47,14.3,57.8,63.8,1.6,2037.4,5,3,2,10
2023-12-04 18:04:48,14.2,57.6,64.2,1.3,2410.6,1,1,0,2
2023-12-04 18:19:50,14.1,57.4,64.4,1.3,2410.6,1,1,0,2
2023-12-04 18:34:51,14.2,57.6,63.9,0.1,3225.0,5,2,2,9
2023-12-04 18:49:53,14.3,57.8,63.9,0.1,3225.0,5,2,2,8
2023-12-04 19:04:55,14.2,57.6,64.3,0.8,2011.4,5,2,1,8
2023-12-04 19:19:56,14.1,57.4,64.7,1.1,1635.4,4,2,1,8
2023-12-04 19:34:58,14.0,57.2,64.8,1.1,1635.4,4,2,1,8
2023-12-04 19:50:00,13.9,57.0,65.0,1.1,1635.4,4,2,1,8
2023-12-04 20:05:01,13.8,56.8,65.0,1.1,1635.4,4,2,1,8
2023-12-04 20:20:03,13.7,56.7,65.1,1.1,1635.4,4,2,1,8
2023-12-04 20:35:05,13.6,56.5,65.2,1.1,1635.4,4,2,1,8
2023-12-04 20:50:07,13.6,56.4,65.2,0.8,2011.4,5,2,1,8
2023-12-04 21:05:08,13.5,56.3,65.3,1.1,1635.4,4,2,1,8
2023-12-04 21:20:10,13.4,56.1,65.5,1.1,1635.4,4,2,1,8
2023-12-04 21:35:12,13.3,55.9,65.6,1.1,1635.4,4,2,1,8
2023-12-04 21:50:13,13.2,55.7,65.7,1.1,1635.4,4,2,1,7
2023-12-04 22:05:15,13.1,55.6,65.9,1.1,1635.4,4,2,1,8
2023-12-05 11:02:42,13.2,55.8,62.4,8432.9,17713.9,27864,23696,27219,65535
2023-12-05 11:17:45,14.1,57.3,60.2,11255.1,13319.3,35839,30012,33446,65535
2023-12-05 11:32:46,14.9,58.8,59.1,13237.9,13026.2,42884,35565,39587,65535
2023-12-05 11:47:48,16.0,60.8,57.3,17152.6,12765.5,60154,48211,53849,65535
2023-12-05 12:02:50,15.6,60.1,59.2,11949.8,16223.8,41670,34329,39220,65535
2023-12-05 12:17:51,16.0,60.8,59.9,14152.8,13295.8,43572,37004,41135,65535
2023-12-05 12:32:53,18.4,65.1,53.9,15591.9,14786.5,52740,43572,49266,65535
2023-12-05 12:47:55,18.7,65.7,53.6,13735.6,15556.7,45640,38194,43354,65535
2023-12-05 13:02:57,17.7,63.9,56.4,13224.1,16419.7,42584,36326,41380,65535
2023-12-05 13:17:58,20.4,68.7,49.2,34196.2,8890.4,65535,65535,65535,65535
2023-12-05 13:33:00,21.4,70.6,47.2,34196.2,8890.4,65535,65535,65535,65535
2023-12-05 13:48:02,21.9,71.4,46.7,34196.2,8890.4,65535,65535,65535,65535
2023-12-05 14:03:03,20.3,68.6,50.5,21172.0,8608.0,65535,52604,55444,65535
2023-12-05 14:18:05,19.7,67.5,52.4,21606.4,8395.5,65535,52844,55368,65535
2023-12-05 14:33:07,19.6,67.2,52.4,22589.9,9159.0,65535,54433,57451,65535
2023-12-05 14:48:08,19.0,66.2,53.8,15412.4,7912.8,51696,39826,41896,65535
2023-12-05 15:03:10,19.0,66.2,53.8,17236.9,7399.7,54541,42540,43994,65535
2023-12-05 15:18:12,18.3,65.0,55.7,9102.0,8433.1,28666,22795,24006,64061
2023-12-05 15:33:13,17.7,63.8,57.5,5099.8,11155.3,19190,14760,16350,43684
2023-12-05 15:48:15,17.2,63.0,58.7,3196.3,10321.7,11100,8720,9514,25207
2023-12-05 16:03:17,17.2,62.9,59.3,5082.4,8491.9,17492,13470,14345,38780
2023-12-05 16:18:18,17.5,63.5,58.1,4598.5,7097.1,14823,11418,11765,33389
2023-12-05 16:33:25,17.4,63.2,58.5,4211.6,6172.9,12851,9895,9884,27188
2023-12-05 16:48:27,16.8,62.3,59.9,881.9,32913.3,2394,2382,2870,6629
2023-12-05 17:03:28,16.5,61.7,60.4,359.7,48412.5,1096,1065,1319,3002
2023-12-05 17:18:30,16.2,61.2,61.1,76.5,119763.9,236,244,317,687
2023-12-05 17:33:32,15.9,60.7,61.5,4.7,358154.1,19,18,24,54
2023-12-05 17:48:33,15.7,60.3,61.5,0.9,3007.5,5,3,3,10
2023-12-05 18:03:35,15.4,59.8,61.8,0.1,3225.0,5,2,2,9
2023-12-05 18:18:37,15.3,59.5,61.8,1.1,1635.4,4,2,1,8
2023-12-05 18:33:38,15.1,59.1,61.9,1.1,1635.4,4,2,1,8
2023-12-05 18:48:40,14.8,58.7,62.3,1.1,1635.4,4,2,1,8
2023-12-05 19:03:41,14.6,58.4,62.4,1.1,1635.4,4,2,1,8
2023-12-05 19:18:43,14.5,58.0,62.6,1.1,1635.4,4,2,1,8
2023-12-05 19:33:44,14.2,57.6,62.7,1.1,1635.4,4,2,1,8
2023-12-05 19:48:46,14.1,57.4,62.7,1.1,1635.4,4,2,1,8
2023-12-05 20:03:48,13.9,57.1,62.9,1.1,1635.4,4,2,1,7
2023-12-05 20:18:49,13.8,56.8,63.1,1.1,1635.4,4,2,1,7
2023-12-05 20:33:51,13.6,56.5,63.2,1.1,1635.4,4,2,1,7
2023-12-05 20:48:52,13.4,56.2,63.3,1.1,1635.4,4,2,1,7
2023-12-05 21:03:54,13.3,55.9,63.4,1.1,1635.4,4,2,1,8
2023-12-05 21:18:55,13.1,55.6,63.5,1.1,1635.4,4,2,1,7
2023-12-05 21:33:57,13.3,55.9,64.1,1.1,1635.4,4,2,1,8
2023-12-05 21:48:58,13.1,55.5,63.9,0.2,1635.0,2,1,1,4
2023-12-05 22:04:00,12.9,55.2,64.3,0.2,1635.0,2,1,1,4
2023-12-05 22:19:02,13.0,55.4,64.5,1.1,1635.4,4,2,1,8
2023-12-05 22:34:03,12.8,55.1,64.5,1.1,1635.4,4,2,1,8
2023-12-05 22:49:05,13.0,55.4,65.0,1.1,1635.4,4,2,1,8
2023-12-06 08:31:35,11.6,52.9,68.2,946.4,43847.4,3094,2878,3541,8269
2023-12-06 08:46:38,11.8,53.3,67.7,1619.0,28277.3,5416,4795,5726,13816
2023-12-06 09:01:39,11.7,53.1,67.5,2151.7,23666.5,7543,6433,7587,18756
2023-12-06 09:16:41,11.5,52.7,67.5,1961.4,50245.2,6707,6172,7655,18262
2023-12-06 09:31:43,11.7,53.0,67.2,1829.9,125711.3,5303,5696,7431,16418
2023-12-06 09:46:44,11.8,53.3,67.5,2630.2,94663.2,6820,7647,9872,21641
2023-12-06 10:01:46,11.9,53.4,66.7,5945.8,19034.4,17896,15986,18412,45666
2023-12-06 10:16:48,12.1,53.8,65.4,6391.1,17988.3,20296,17590,20198,49593
2023-12-06 10:31:49,12.3,54.1,64.0,8924.2,14869.9,31556,25619,29057,65535
2023-12-06 10:46:51,13.0,55.4,61.8,13431.2,9700.0,52325,39162,42892,65535
2023-12-06 11:01:52,12.8,55.0,62.4,10523.0,8699.0,38312,29001,31169,65535
2023-12-06 11:16:54,12.7,54.8,63.0,5868.9,10006.1,21740,16619,18177,49121
2023-12-06 11:31:56,13.0,55.4,63.3,4408.9,10226.3,15954,12330,13489,36404
2023-12-06 11:46:57,12.9,55.2,64.0,5883.8,9822.8,21581,16522,18018,48716
2023-12-06 12:01:59,13.0,55.4,63.4,7617.8,9374.3,27704,21162,22939,62019
2023-12-06 12:17:01,13.4,56.1,63.0,3469.8,8743.3,11335,8931,9491,25537
2023-12-06 12:32:02,13.6,56.5,63.0,3188.5,9924.9,11054,8650,9394,25177
2023-12-06 12:47:04,14.1,57.4,62.6,3481.1,10468.6,12411,9670,10592,28532
2023-12-06 13:02:05,14.4,58.0,63.5,2090.4,10346.8,7381,5764,6300,16939
2023-12-06 13:17:07,14.4,58.0,65.7,1745.1,10259.5,6055,4755,5184,13882
2023-12-06 13:32:08,14.5,58.1,66.4,1735.2,10488.5,6090,4774,5223,13981
2023-12-06 13:47:10,14.7,58.4,67.1,1646.2,9793.0,5593,4403,4765,12756
2023-12-06 14:02:12,14.7,58.5,67.6,3318.9,10017.9,11793,9154,9975,26868
2023-12-06 14:17:13,15.1,59.1,66.5,2728.1,10209.3,9590,7490,8171,21848
2023-12-06 14:32:15,15.1,59.2,66.2,1895.8,10275.4,6536,5146,5608,14934
2023-12-06 14:47:17,15.0,58.9,66.5,1224.6,11213.3,4319,3405,3754,9971
2023-12-06 15:02:18,15.0,59.0,65.9,4057.4,8829.7,13553,10603,11310,30222
2023-12-06 15:17:20,15.1,59.2,65.2,4173.6,10141.3,13736,10992,11909,31653
2023-12-06 15:32:21,15.3,59.6,64.3,1974.0,12076.7,7038,5571,6195,16281
2023-12-06 15:47:23,15.2,59.4,64.6,2031.8,12145.2,7017,5627,6246,16259
2023-12-06 16:02:24,15.1,59.2,64.7,1976.4,13068.5,7551,5871,6611,17426
2023-12-06 16:17:26,15.1,59.3,64.4,1137.9,14222.0,4109,3293,3724,9631
2023-12-06 16:32:27,15.5,59.8,62.9,543.7,25581.8,1762,1568,1857,4508
2023-12-06 16:47:29,15.2,59.3,64.5,167.9,106593.7,545,544,702,1582
2023-12-06 17:02:31,15.2,59.4,64.3,53.0,87747.2,150,159,204,451
2023-12-06 17:17:32,15.3,59.6,63.8,35.5,167325.4,134,127,166,372
2023-12-06 17:32:34,15.2,59.4,64.4,2.8,27972.4,13,10,12,32
2023-12-06 17:47:35,15.1,59.3,64.4,1.6,2037.4,5,3,2,9
2023-12-06 18:02:37,15.1,59.2,64.3,0.1,3225.0,5,2,2,9
2023-12-06 18:17:38,15.0,59.1,64.2,0.1,3225.0,5,2,2,9
2023-12-06 18:32:40,15.0,59.1,64.1,1.6,2037.4,5,3,2,9
2023-12-06 18:47:42,15.0,59.1,63.8,0.1,3225.0,5,2,2,9
2023-12-06 19:02:43,15.0,59.0,63.4,0.1,3225.0,5,2,2,9
2023-12-06 19:17:45,15.0,59.0,62.3,1.6,2037.4,5,3,2,9
2023-12-06 19:32:47,14.9,58.9,60.9,1.6,2037.4,5,3,2,10
2023-12-06 19:47:48,15.1,59.2,61.6,1.6,2037.4,5,3,2,10
2023-12-06 20:02:50,15.0,59.0,62.1,1.6,2037.4,5,3,2,10
2023-12-06 20:17:52,14.8,58.7,61.4,1.6,2037.4,5,3,2,9
2023-12-08 08:24:09,10.1,50.1,70.1,873.8,17569.8,4079,3030,3531,8898
2023-12-08 08:39:11,10.2,50.3,69.7,1427.5,34853.5,4983,4407,5343,12785
2023-12-08 08:54:13,10.4,50.7,69.9,2159.3,32158.4,8279,6975,8419,20473
2023-12-08 09:09:15,10.2,50.3,69.8,2000.0,92089.5,5624,6008,7729,17164
2023-12-08 09:24:16,10.5,50.9,70.1,2036.3,160724.6,5808,6399,8441,18419
2023-12-08 09:39:18,10.6,51.2,69.9,3380.0,46273.7,10650,10135,12514,29360
2023-12-08 09:54:19,10.6,51.1,69.3,6970.4,14001.0,27593,21317,24207,63338
2023-12-08 10:09:21,10.9,51.6,68.5,4470.4,29949.8,14327,13009,15591,37364
2023-12-08 10:24:23,11.0,51.8,68.6,6323.3,20415.5,20546,17860,20762,51555
2023-12-08 10:39:24,10.8,51.4,68.1,7444.9,19789.9,29490,23520,27468,65535
2023-12-08 10:54:26,10.8,51.5,67.0,9341.5,15036.6,37413,28975,33126,65535
2023-12-08 11:09:27,11.9,53.4,65.4,16264.0,9214.6,63660,47305,51554,65535
2023-12-08 11:24:29,11.2,52.2,66.5,11116.9,12700.6,44034,33688,37927,65535
2023-12-08 11:39:31,12.2,54.0,63.5,13299.8,13616.7,51444,39978,45222,65535
2023-12-08 11:54:32,12.8,55.1,60.1,34196.2,8890.4,65535,65535,65535,65535
2023-12-08 12:09:34,13.1,55.5,60.7,34196.2,8890.4,65535,65535,65535,65535
2023-12-08 12:24:36,14.3,57.8,58.7,28473.0,10947.7,65535,61909,65535,65535
2023-12-08 12:39:37,16.0,60.7,54.9,27780.1,11304.9,65535,61470,65535,65535
2023-12-08 12:54:39,17.2,63.0,51.2,34196.2,8890.4,65535,65535,65535,65535
2023-12-08 13:09:40,17.9,64.3,49.8,21576.6,12450.5,65535,55542,61227,65535
2023-12-08 13:24:42,15.0,59.1,58.1,6364.6,7377.5,18524,14905,15230,41240
2023-12-08 13:39:44,13.6,56.5,62.0,5360.1,7338.0,14745,12121,12275,32892
2023-12-08 13:54:45,14.0,57.1,60.1,11682.6,8782.6,41298,31626,33921,65535
2023-12-08 14:09:47,13.2,55.7,61.7,7441.7,13490.1,29639,22764,25776,65535
2023-12-08 14:24:49,12.6,54.7,61.5,7477.9,29592.6,25361,22405,26850,65535
2023-12-08 14:39:51,14.8,58.7,55.7,12319.0,13499.8,31771,29272,32201,65535
2023-12-08 14:54:53,15.9,60.6,51.6,22702.0,7880.2,63697,52503,53951,65535
2023-12-08 15:09:54,16.2,61.2,50.3,10806.7,6337.4,33809,25903,26098,65535
2023-12-08 15:24:56,16.3,61.3,51.3,15204.6,6255.2,49854,37506,37994,65535
2023-12-08 15:39:57,14.2,57.5,57.4,5341.4,8032.3,18776,14252,15108,41163
2023-12-08 15:54:59,14.1,57.4,59.6,5060.5,19175.0,16679,14316,16560,41625
2023-12-08 16:10:01,13.9,57.0,60.9,6037.1,5353.2,17860,13595,13147,36573
2023-12-08 16:25:02,14.7,58.4,57.6,5562.8,3179.3,23049,14667,13805,44350
2023-12-08 16:40:04,14.5,58.1,58.5,2692.8,6776.1,9825,7209,7509,20693
2023-12-08 16:55:06,13.1,55.6,62.4,255.9,6588.4,991,711,744,1963
2023-12-08 17:10:07,12.7,54.9,62.5,115.5,18489.8,365,318,366,877
2023-12-08 17:25:09,12.6,54.8,63.4,19.3,1072519.9,124,98,130,295
2023-12-08 17:40:10,12.3,54.2,64.0,2.4,59034.8,9,8,10,23
2023-12-08 17:55:12,12.5,54.4,64.6,0.1,3225.0,5,2,2,8
2023-12-08 18:10:14,12.1,53.8,64.9,1.1,1635.4,4,2,1,7
2023-12-08 18:25:15,12.0,53.5,65.1,1.1,1635.4,4,2,1,7
2023-12-08 18:40:17,11.6,52.9,64.7,1.1,1635.4,4,2,1,7
2023-12-08 18:55:18,11.4,52.5,64.7,1.1,1635.4,4,2,1,7
2023-12-08 19:10:20,11.1,51.9,64.8,1.1,1635.4,4,2,1,7
2023-12-08 19:25:22,10.9,51.6,65.0,1.1,1635.4,4,2,1,7
2023-12-08 19:40:23,10.9,51.6,65.3,1.1,1635.4,4,2,1,7
2023-12-08 19:55:25,10.8,51.4,66.0,0.2,1635.0,2,1,1,4
2023-12-08 20:10:27,11.0,51.7,66.5,0.2,1635.0,2,1,1,4
2023-12-12 07:35:04,11.6,52.8,70.0,0.8,289165.8,3,3,4,9
2023-12-12 07:50:06,11.4,52.4,69.9,9.0,80965300.4,46,43,60,128
2023-12-12 08:05:08,11.2,52.1,69.8,73.1,140060.3,282,262,340,767
2023-12-12 08:20:10,11.0,51.9,69.6,293.6,59234.3,901,887,1112,2538
2023-12-12 08:35:11,11.3,52.3,69.2,794.6,33194.2,2772,2442,2951,7065
2023-12-12 08:50:13,11.5,52.6,68.9,1738.1,17764.0,6383,5195,5997,15168
2023-12-12 09:05:15,11.3,52.4,69.1,2266.0,15748.1,8230,6649,7592,19374
2023-12-12 09:20:16,11.6,52.9,68.4,2657.0,12856.1,9686,7653,8577,22322
2023-12-12 09:35:18,11.7,53.1,68.0,5636.7,10399.9,22113,16633,18359,49171
2023-12-12 09:50:20,11.6,52.9,67.2,6799.4,10654.7,25699,19638,21660,57780
2023-12-12 10:05:22,11.6,52.9,66.4,7731.4,10119.3,29006,22100,24229,64870
2023-12-12 10:20:23,11.7,53.1,65.3,9902.9,9994.0,37632,28503,31244,65535
2023-12-12 10:35:25,12.3,54.2,64.9,11441.1,9847.6,43254,32768,35846,65535
2023-12-12 10:50:27,12.2,54.0,64.4,14267.3,8949.9,54711,40809,44243,65535
2023-12-12 11:05:28,12.2,54.0,64.2,14740.6,8903.1,54719,41251,44546,65535
2023-12-12 11:20:30,12.3,54.2,63.7,13760.9,10472.1,51121,39235,43133,65535
2023-12-12 11:35:32,12.5,54.5,63.1,12612.2,10193.5,44824,34860,38061,65535
2023-12-12 11:50:33,12.8,55.1,62.8,20337.2,10077.9,65535,52837,57087,65535
2023-12-12 12:05:35,12.8,55.0,62.0,13542.2,9494.0,50301,38190,41542,65535
2023-12-12 12:20:37,12.7,54.8,61.9,11792.8,22354.6,36779,32872,38462,65535
2023-12-12 12:35:38,14.6,58.3,56.9,20332.6,14418.7,63269,53991,60587,65535
2023-12-12 12:50:40,16.5,61.6,51.7,34196.2,8890.4,65535,65535,65535,65535
2023-12-12 13:05:42,15.2,59.3,55.4,34196.2,8890.4,65535,65535,65535,65535
2023-12-12 13:20:43,14.4,57.9,57.2,34196.2,8890.4,65535,65535,65535,65535
2023-12-12 13:35:45,14.8,58.6,55.2,34196.2,8890.4,65535,65535,65535,65535
2023-12-12 13:50:46,14.2,57.6,55.9,13851.3,8600.3,50288,38053,40830,65535
2023-12-12 14:05:48,13.3,55.9,60.5,5329.9,10461.5,18893,14751,16148,42990
2023-12-12 14:20:49,13.2,55.8,61.2,4613.2,11934.9,16440,12999,14437,38187
2023-12-12 14:35:51,13.0,55.4,61.2,6466.8,10070.3,22913,17815,19419,51972
2023-12-12 14:50:53,12.9,55.2,60.3,7067.2,10405.6,25071,19557,21398,57050
2023-12-12 15:05:54,13.1,55.5,59.8,7650.3,10025.8,27977,21491,23483,63300
2023-12-12 15:20:56,13.5,56.3,59.9,9877.0,8051.2,33574,25798,27246,65535
2023-12-12 15:35:57,12.8,55.1,60.4,3916.2,11227.9,14093,11028,12180,32174
2023-12-12 15:50:59,12.6,54.7,60.2,3183.5,11283.2,10763,8631,9489,24784
2023-12-12 16:06:00,12.3,54.1,60.6,1947.9,14099.5,7287,5755,6517,16851
2023-12-12 16:21:02,12.6,54.7,61.2,1810.2,14770.3,6611,5295,6013,15430
2023-12-12 16:36:04,12.3,54.2,62.2,896.2,20855.7,3178,2665,3113,7718
2023-12-12 16:51:05,12.2,53.9,61.9,500.6,51212.9,1681,1563,1941,4533
2023-12-12 17:06:07,12.2,54.0,62.1,184.3,57976.2,680,610,762,1786
2023-12-12 17:21:08,12.1,53.8,62.7,27.2,100904.7,157,120,152,363
2023-12-12 17:36:10,11.9,53.5,62.3,1.6,376800.4,17,11,14,36
2023-12-12 17:51:11,11.8,53.2,62.2,1.6,2037.4,5,3,2,10
2023-12-12 18:06:13,12.0,53.6,63.0,0.1,3225.0,5,2,2,9
2023-12-12 18:21:15,11.8,53.2,63.3,0.1,3225.0,5,2,2,8
2023-12-12 18:36:16,11.6,52.9,62.9,0.1,3225.0,5,2,2,8
2023-12-12 18:51:18,11.5,52.7,62.7,0.1,3225.0,5,2,2,9
2023-12-12 19:06:19,11.4,52.4,62.2,0.1,3225.0,5,2,2,9
2023-12-12 19:21:21,11.2,52.1,62.3,0.1,3225.0,5,2,2,8
2023-12-13 18:15:21,14.0,57.2,59.0,1.1,1635.4,4,2,1,8
2023-12-13 18:17:24,13.9,57.0,58.9,1.1,1635.4,4,2,1,8
2023-12-13 18:19:25,13.8,56.9,59.3,1.1,1635.4,4,2,1,8
2023-12-13 18:21:27,13.8,56.9,59.0,1.1,1635.4,4,2,1,8
2023-12-13 18:23:29,13.7,56.7,59.2,1.1,1635.4,4,2,1,7
2023-12-13 18:25:30,13.7,56.6,59.1,1.1,1635.4,4,2,1,7
2023-12-13 18:27:32,13.6,56.6,59.2,1.1,1635.4,4,2,1,8
2023-12-13 18:29:33,13.6,56.5,59.2,1.1,1635.4,4,2,1,8
2023-12-13 18:31:35,13.5,56.4,59.1,1.1,1635.4,4,2,1,8
2023-12-13 18:33:36,13.5,56.3,59.3,1.1,1635.4,4,2,1,7
2023-12-13 18:35:38,13.4,56.2,59.4,1.1,1635.4,4,2,1,7
2023-12-13 18:37:40,13.4,56.1,59.6,1.1,1635.4,4,2,1,7
2023-12-13 18:39:41,13.5,56.2,59.6,1.1,1635.4,4,2,1,7
2023-12-13 18:41:43,13.5,56.3,59.8,1.1,1635.4,4,2,1,7
2023-12-13 18:43:44,13.5,56.4,59.8,1.1,1635.4,4,2,1,7
2023-12-13 18:45:46,13.6,56.5,59.7,1.1,1635.4,4,2,1,7
2023-12-13 18:47:48,13.6,56.5,59.9,1.1,1635.4,4,2,1,7
2023-12-13 18:49:49,13.6,56.6,60.1,1.1,1635.4,4,2,1,7
2023-12-13 18:51:51,13.7,56.6,60.4,1.1,1635.4,4,2,1,7
2023-12-13 18:53:52,13.6,56.5,60.4,1.1,1635.4,4,2,1,7
2023-12-13 18:55:54,13.5,56.3,60.4,1.1,1635.4,4,2,1,7
2023-12-13 18:57:55,13.4,56.1,60.6,1.1,1635.4,4,2,1,7
2023-12-13 18:59:57,13.3,56.0,60.6,1.1,1635.4,4,2,1,7
2023-12-13 19:01:58,13.3,55.9,60.4,1.1,1635.4,4,2,1,7
2023-12-13 19:04:00,13.3,55.9,60.2,1.1,1635.4,4,2,1,7
2023-12-13 19:06:02,13.2,55.7,60.2,1.1,1635.4,4,2,1,7
2023-12-13 19:08:03,13.1,55.7,60.1,1.1,1635.4,4,2,1,7
2023-12-13 19:10:05,13.1,55.5,60.3,1.1,1635.4,4,2,1,7
2023-12-13 19:12:07,13.0,55.4,60.3,1.1,1635.4,4,2,1,7
2023-12-13 19:14:08,12.9,55.3,60.3,1.1,1635.4,4,2,1,7
2024-01-12 19:47:37,7.7,45.8,54.2,1.6,2037.4,5,3,2,10
2024-01-12 19:53:46,7.5,45.5,53.4,0.1,3225.0,5,2,2,9
2024-01-12 20:08:46,7.3,45.1,52.9,0.1,3225.0,5,2,2,9
2024-01-12 20:23:46,7.5,45.5,53.4,1.1,1635.4,4,2,1,7
2024-01-12 20:38:46,7.2,44.9,52.8,1.5,2184.1,3,2,1,6
2024-01-12 20:53:46,7.0,44.5,53.0,1.1,1635.4,4,2,1,7
2024-01-12 21:08:46,7.2,45.0,53.7,1.6,2037.4,5,3,2,9
2024-01-12 21:23:46,6.7,44.0,52.9,1.1,1635.4,4,2,1,8
2024-01-12 21:38:46,6.8,44.2,53.2,0.1,3225.0,5,2,2,9
2024-01-12 21:53:46,6.9,44.4,54.2,1.6,2037.4,5,3,2,9
2024-01-12 22:08:46,6.3,43.3,53.3,0.1,3225.0,5,2,2,9
2024-01-12 22:23:46,6.6,44.0,54.0,1.5,2184.1,3,2,1,6
2024-01-12 22:38:46,6.6,43.9,54.2,-0.1,3071098355.0,3,1,1,5
2024-01-12 22:53:46,6.3,43.3,52.5,1.5,2184.1,3,2,1,6
2024-01-12 23:08:46,6.2,43.2,51.8,0.2,1635.0,2,1,1,5
2024-01-12 23:23:46,5.6,42.1,49.9,0.2,1635.0,2,1,1,4
2024-01-12 23:38:46,5.9,42.7,50.5,-0.3,40943.5,1,0,0,1
2024-01-12 23:53:46,6.3,43.3,53.4,-0.3,40943.5,1,0,0,1
2024-01-13 00:08:46,5.6,42.1,51.6,-0.3,40943.5,1,0,0,1
2024-01-13 00:23:46,6.0,42.8,53.3,-0.3,40943.5,1,0,0,1
2024-01-13 00:38:46,6.1,43.0,53.8,-0.3,40943.5,1,0,0,1
2024-01-13 00:53:46,6.1,42.9,54.2,-0.3,40943.5,1,0,0,1
2024-01-13 01:08:46,5.6,42.2,53.4,1.3,2410.6,1,1,0,2
2024-01-13 01:23:46,6.1,42.9,55.2,1.3,2410.6,1,1,0,2
2024-01-13 01:38:46,6.2,43.2,56.3,-0.3,40943.5,1,0,0,1
2024-01-13 01:53:46,6.2,43.1,56.4,0.5,8890.4,1,1,1,2
2024-01-13 02:08:46,6.2,43.2,56.8,1.3,2410.6,1,1,0,2
2024-01-13 02:23:46,6.4,43.5,57.4,-0.3,40943.5,1,0,0,2
2024-01-13 02:38:46,6.5,43.7,57.7,-0.3,40943.5,1,0,0,1
2024-01-13 02:53:46,6.2,43.1,56.9,-0.3,40943.5,1,0,0,1
2024-01-13 03:08:46,6.3,43.4,57.4,-0.3,40943.5,1,0,0,2
2024-01-13 03:23:46,6.5,43.8,58.2,-0.3,40943.5,1,0,0,2
2024-01-13 03:38:46,6.8,44.2,58.5,-0.3,40943.5,1,0,0,2
2024-01-13 03:53:46,6.3,43.4,57.5,-0.3,40943.5,1,0,0,1
2024-01-13 04:08:46,6.4,43.5,57.3,-0.3,40943.5,1,0,0,1
2024-01-13 04:23:46,6.6,43.8,57.7,-0.3,40943.5,1,0,0,1
2024-01-13 04:38:46,6.7,44.0,57.6,-0.3,40943.5,1,0,0,1
2024-01-13 04:53:46,6.1,43.0,56.5,-0.3,40943.5,1,0,0,1
2024-01-13 05:08:46,6.3,43.3,56.5,-0.3,40943.5,1,0,0,1
2024-01-13 05:23:46,6.4,43.5,56.8,-0.3,40943.5,1,0,0,1
2024-01-13 05:38:46,6.5,43.7,56.9,-0.3,40943.5,1,0,0,1
2024-01-13 05:53:46,6.0,42.8,55.7,-0.3,40943.5,1,0,0,1
2024-01-13 06:08:46,6.1,43.0,55.9,-0.3,40943.5,1,0,0,1
2024-01-13 06:23:46,6.3,43.4,56.5,1.3,2410.6,1,1,0,2
2024-01-13 06:38:46,6.0,42.9,56.1,1.3,2410.6,1,1,0,2
2024-01-13 06:53:46,5.9,42.6,56.4,1.3,2410.6,1,1,0,2
2024-01-13 07:08:46,6.2,43.2,56.8,0.5,8890.4,1,1,1,3
2024-01-13 07:23:46,6.4,43.6,57.5,0.2,1635.0,2,1,1,3
2024-01-13 07:38:46,6.1,43.0,56.9,-0.0,3945.7,3,2,3,7
2024-01-13 14:59:46,7.6,45.8,55.4,8258.2,11907.8,29276,23189,25738,65535
2024-01-13 15:10:30,7.9,46.2,55.3,7400.6,11877.5,26090,20704,22964,60586
2024-01-13 15:25:30,8.1,46.6,55.6,5915.2,12169.6,20883,16607,18468,48608
2024-01-13 15:40:30,7.6,45.6,56.0,4790.9,12557.9,16968,13523,15090,39574
2024-01-13 15:55:30,7.6,45.7,55.9,3729.2,13047.9,13225,10578,11850,30933
2024-01-13 16:10:30,7.7,45.9,56.5,2438.6,14079.6,8720,7008,7913,20526
2024-01-13 16:25:30,7.6,45.6,56.9,1589.9,14988.5,5725,4618,5247,13525
2024-01-13 16:40:30,7.1,44.8,57.4,1077.8,17676.0,3919,3201,3692,9368
2024-01-13 16:55:30,7.3,45.2,57.6,780.0,19083.7,2930,2379,2765,6967
2024-01-13 17:10:30,7.5,45.5,58.0,353.8,43835.6,1346,1166,1434,3419
2024-01-13 17:25:30,7.0,44.6,57.8,122.8,461492.9,428,445,602,1302
2024-01-13 17:40:30,7.1,44.7,58.0,29.1,98359.0,127,109,139,329
2024-01-13 17:55:30,7.3,45.2,59.2,6.1,4881.5,31,20,21,66
2024-01-13 18:10:30,7.5,45.5,59.9,3.6,1621.7,22,11,9,41
2024-01-13 18:25:30,7.1,44.8,59.7,3.1,1659.9,21,10,8,38
2024-01-13 18:40:30,7.2,45.0,60.3,3.1,1659.9,21,10,8,38
2024-01-13 18:55:30,7.4,45.2,60.4,4.4,1625.7,22,11,8,39
2024-01-13 20:48:44,7.4,45.2,64.3,4.0,1633.3,23,11,8,41,-8.9,16.0,84.1,Light Snow and Fog/Mist
2024-01-13 21:03:44,7.2,45.0,63.3,1.3,1628.6,6,3,2,10,-8.9,16.0,84.1,Heavy Snow and Fog
2024-01-13 21:18:44,7.5,45.4,63.5,1.3,1628.6,6,3,2,11,-8.9,16.0,87.5,Heavy Snow and Fog
2024-01-13 21:33:44,7.4,45.3,63.9,1.8,1937.5,7,4,3,13,-8.9,16.0,91.7,Snow and Fog
2024-01-13 21:48:44,7.4,45.3,63.6,2.2,2610.2,6,4,3,12,-8.9,16.0,91.7,Snow and Fog
2024-01-13 22:03:44,7.5,45.5,63.3,0.6,1635.0,6,3,3,11,-8.9,16.0,91.7,Snow and Fog
2024-01-13 22:18:44,7.3,45.2,62.8,0.6,1635.0,6,3,3,11,-8.9,16.0,87.5,Snow and Fog
2024-01-13 22:33:44,7.3,45.1,62.5,1.6,2037.4,5,3,2,10,-8.9,16.0,87.5,Snow and Fog
2024-01-13 22:48:44,7.5,45.5,62.6,2.2,2610.2,6,4,3,12,-8.9,16.0,87.5,Snow and Fog
2024-01-13 23:03:44,7.7,45.8,62.7,2.2,2610.2,6,4,3,13,-8.3,17.1,83.5,Light Snow and Fog/Mist
2024-01-13 23:18:44,7.1,44.7,61.7,1.6,2037.4,5,3,2,10,-8.9,16.0,87.5,Light Snow and Fog/Mist
2024-01-13 23:33:44,7.4,45.2,62.1,1.6,2037.4,5,3,2,10,-8.9,16.0,84.1,Light Snow and Fog/Mist
2024-01-13 23:48:44,7.5,45.6,62.5,1.5,2184.1,3,2,1,5,-8.9,16.0,84.1,Light Snow and Fog/Mist
2024-01-14 11:41:39,9.0,48.3,55.4,14361.5,10613.4,50143,39438,43184,65535,-7.8,18.0,77.2,Cloudy
2024-01-14 13:43:51,9.8,49.6,53.8,15896.1,10830.8,56577,44279,48673,65535,-7.2,19.0,80.4,Cloudy
2024-01-14 13:58:51,9.3,48.7,53.9,16499.3,10248.8,57519,45084,49167,65535,-7.2,19.0,80.4,Cloudy
2024-01-14 14:13:51,9.1,48.3,53.5,14776.5,10512.6,51395,40437,44216,65535,-6.7,19.9,84.3,Fog/Mist
2024-01-14 14:28:51,9.9,49.8,53.0,18635.0,9468.8,64652,50298,54329,65535,-6.7,19.9,84.3,Fog/Mist
2024-01-14 14:43:51,9.2,48.6,54.5,10584.8,10928.6,37039,29204,32087,65535,-6.7,19.9,84.3,Fog/Mist
2024-01-14 14:58:51,9.9,49.9,53.2,15003.8,9439.7,53622,41251,44673,65535,-6.7,19.9,81.1,Cloudy
2024-01-14 15:13:51,9.6,49.3,55.7,9286.4,11576.4,32789,25931,28688,65535,-6.1,21.0,77.5,Cloudy
2024-01-14 15:28:51,10.2,50.4,56.6,12099.9,9770.9,43234,33395,36307,65535,-6.1,21.0,77.5,Cloudy
2024-01-14 15:43:51,9.8,49.7,58.8,7257.8,13536.9,25353,20480,23003,59998,-6.1,21.0,77.5,Cloudy
2024-01-14 15:58:51,9.5,49.0,60.3,4114.0,22890.4,13528,11831,13892,34430,-6.1,21.0,77.5,Cloudy
2024-01-14 16:13:51,9.6,49.3,59.8,4730.0,13220.3,16656,13378,14999,39170,-6.1,21.0,77.5,Cloudy
2024-01-14 16:28:51,9.3,48.7,59.9,3684.0,14412.4,13005,10531,11908,30778,-6.1,21.0,77.5,Cloudy
2024-01-14 16:43:51,9.3,48.7,60.7,2617.1,17318.3,9582,7789,8971,22909,-6.1,21.0,77.5,Cloudy
2024-01-14 16:58:51,9.0,48.1,60.1,1463.4,22430.1,5408,4487,5278,13175,-6.1,21.0,77.5,Cloudy
2024-01-14 17:13:51,8.6,47.4,60.3,597.0,61892.1,2124,1948,2443,5691,-6.1,21.0,77.5,Cloudy
2024-01-14 17:28:51,8.9,47.9,60.6,249.1,85941.3,972,872,1109,2568,-6.1,21.0,77.5,Cloudy
2024-01-14 17:43:51,8.8,47.8,60.3,39.0,238498.2,203,168,219,503,-6.1,21.0,77.5,Cloudy
2024-01-14 17:58:32,8.2,46.8,59.8,3.2,224584.8,15,13,17,40,-6.1,21.0,77.5,Cloudy
2024-01-14 17:58:51,8.2,46.7,59.8,2.4,1491506.1,15,12,16,39,-6.1,21.0,77.5,Cloudy
2024-01-14 18:13:32,8.4,47.2,60.2,2.2,2610.2,6,4,3,12,-6.7,19.9,81.1,Cloudy
2024-01-14 18:13:51,8.4,47.2,60.2,2.2,2610.2,6,4,3,12,-6.7,19.9,81.1,Cloudy
2024-01-14 18:28:32,8.5,47.3,60.4,1.3,1628.6,6,3,2,11,-6.7,19.9,81.1,Cloudy
2024-01-14 18:28:51,8.5,47.3,60.3,1.3,1628.6,6,3,2,11,-6.7,19.9,81.1,Cloudy
2024-01-14 18:43:32,8.0,46.4,59.7,1.3,1628.6,6,3,2,10,-6.7,19.9,81.1,Cloudy
2024-01-14 18:43:51,8.0,46.3,59.8,1.3,1628.6,6,3,2,10,-6.7,19.9,81.1,Cloudy
2024-01-14 22:00:15,7.2,44.9,58.8,-0.1,3071098355.0,3,1,1,5,-8.9,16.0,87.5,Clear
2024-01-14 22:15:15,6.9,44.5,58.6,0.2,1635.0,2,1,1,5,-8.9,16.0,87.5,Clear
2024-01-14 22:30:15,6.5,43.7,57.1,0.2,1635.0,2,1,1,5,-10.0,14.0,83.9,Mostly Clear
2024-01-14 22:45:15,6.1,43.1,56.6,0.2,1635.0,2,1,1,4,-10.0,14.0,83.9,Mostly Clear
2024-01-14 23:00:15,6.5,43.7,57.8,0.2,1635.0,2,1,1,4,-10.0,14.0,83.9,Mostly Clear
2024-01-14 23:15:15,6.1,42.9,56.5,0.2,1635.0,2,1,1,4,-11.7,10.9,87.9,Clear
2024-01-14 23:30:15,6.3,43.3,57.3,0.2,1635.0,2,1,1,4,-11.7,10.9,87.9,Clear
2024-01-14 23:45:15,6.5,43.6,57.8,-0.3,40943.5,1,0,0,1,-11.7,10.9,87.9,Clear
2024-01-15 00:00:15,6.6,43.9,57.8,-0.3,40943.5,1,0,0,1,-11.7,10.9,87.9,Clear
2024-01-15 00:15:15,6.0,42.8,56.3,-0.3,40943.5,1,0,0,1,-11.1,12.0,83.8,Clear
2024-01-15 00:30:15,6.3,43.3,57.0,-0.3,40943.5,1,0,0,2,-11.1,12.0,83.8,Clear
2024-01-15 00:45:15,6.5,43.7,57.4,-0.3,40943.5,1,0,0,2,-11.1,12.0,83.8,Clear
2024-01-15 01:00:15,6.7,44.0,57.4,-0.3,40943.5,1,0,0,2,-11.1,12.0,83.8,Clear
2024-01-15 01:15:15,6.2,43.1,57.0,-0.3,40943.5,1,0,0,1,-11.7,10.9,87.9,Fog/Mist
2024-01-15 01:30:15,6.5,43.6,57.3,-0.3,40943.5,1,0,0,1,-11.7,10.9,87.9,Fog/Mist
2024-01-15 01:45:15,6.6,43.8,57.3,-0.3,40943.5,1,0,0,1,-11.7,10.9,87.9,Fog/Mist
2024-01-15 02:00:15,6.7,44.1,57.3,-0.3,40943.5,1,0,0,2,-11.7,10.9,87.9,Fog/Mist
2024-01-15 02:15:15,6.1,43.0,56.2,-0.3,40943.5,1,0,0,2,-13.9,7.0,87.0,Fog/Mist
2024-01-15 02:30:15,6.4,43.5,56.8,-0.3,40943.5,1,0,0,2,-13.9,7.0,87.0,Fog/Mist
2024-01-15 02:45:15,6.6,43.9,57.0,-0.3,40943.5,1,0,0,2,-13.9,7.0,87.0,Fog/Mist
2024-01-15 03:00:15,6.6,43.9,56.5,-0.3,40943.5,1,0,0,2,-13.9,7.0,87.0,Fog/Mist
2024-01-15 03:15:15,6.2,43.2,56.3,-0.3,40943.5,1,0,0,2,-15.0,5.0,86.8,Fog/Mist
2024-01-15 03:30:15,6.5,43.7,56.7,1.3,2410.6,1,1,0,2,-15.0,5.0,91.3,Fog/Mist
2024-01-15 03:45:15,6.6,44.0,56.8,1.3,2410.6,1,1,0,2,-16.1,3.0,83.1,Fog/Mist
2024-01-15 04:00:15,6.8,44.2,56.9,1.3,2410.6,1,1,0,2,-16.1,3.0,91.2,Fog
2024-01-15 04:15:15,6.2,43.2,56.2,1.3,2410.6,1,1,0,2,-16.1,3.0,86.7,Fog
2024-01-15 04:30:15,6.5,43.7,56.5,0.5,8890.4,1,1,1,2,-15.6,3.9,87.5,Fog
2024-01-15 13:22:00,14.9,58.8,37.9,34196.2,8890.4,65535,65535,65535,65535,-9.4,15.1,76.3,Clear
2024-01-15 13:37:00,15.0,59.1,37.5,34196.2,8890.4,65535,65535,65535,65535,-9.4,15.1,76.3,Clear
2024-01-15 13:52:00,15.3,59.5,37.4,34196.2,8890.4,65535,65535,65535,65535,-9.4,15.1,76.3,Clear
2024-01-15 14:07:00,15.2,59.4,37.2,34196.2,8890.4,65535,65535,65535,65535,-9.4,15.1,76.3,Clear
2024-01-15 14:22:00,14.4,58.0,38.8,21752.3,16635.6,65535,57651,65535,65535,-8.3,17.1,73.5,Clear
2024-01-15 14:37:00,14.2,57.6,40.0,22308.9,14016.2,63863,56346,62702,65535,-8.3,17.1,73.5,Clear
2024-01-15 14:52:00,13.6,56.5,40.6,19964.1,15419.1,58641,51727,58261,65535,-8.3,17.1,73.5,Clear
2024-01-15 15:07:00,14.1,57.3,40.2,27907.9,11236.5,65535,61551,65535,65535,-8.3,17.1,73.5,Clear
2024-01-15 15:22:00,14.1,57.4,40.0,33681.6,9028.2,65535,65209,65535,65535,-7.8,18.0,67.3,Clear
2024-01-15 15:37:00,13.2,55.8,41.7,23387.3,9953.2,65535,55855,59428,65535,-7.8,18.0,67.3,Clear
2024-01-15 15:52:00,12.4,54.3,42.8,15873.0,10162.1,49217,40335,43464,65535,-7.8,18.0,67.3,Clear
2024-01-15 16:07:00,13.7,56.6,40.1,17453.5,8913.0,54217,43659,46255,65535,-7.8,18.0,67.3,Clear
2024-01-15 16:22:00,11.9,53.5,43.6,12955.8,8224.4,40240,32062,33591,65535,-7.8,18.0,59.1,Clear
2024-01-15 16:37:00,13.1,55.5,41.0,12749.2,7270.2,41310,31866,32976,65535,-7.8,18.0,59.1,Clear
2024-01-15 16:52:00,11.4,52.5,44.9,4033.0,13443.0,12954,10820,12077,30810,-7.8,18.0,59.1,Clear
2024-01-15 17:07:00,10.3,50.6,47.0,1561.6,36451.3,4499,4385,5327,12355,-7.8,18.0,59.1,Clear
2024-01-15 17:22:00,10.2,50.4,47.7,877.1,46093.4,2534,2520,3112,7133,-8.9,16.0,64.4,Clear
2024-01-15 17:37:00,10.0,50.0,48.4,237.3,57362.7,914,803,1002,2324,-8.9,16.0,64.4,Clear
2024-01-15 17:52:00,9.9,49.8,48.9,22.2,105747.8,145,106,134,317,-8.9,16.0,64.4,Clear
2024-01-15 18:07:00,9.2,48.6,49.0,1.2,337681.9,10,7,9,24,-8.9,16.0,64.4,Clear
2024-01-15 18:22:00,9.1,48.4,49.4,0.4,1635.0,4,2,2,8,-11.1,12.0,69.4,Clear
2024-01-15 18:37:00,9.1,48.4,49.7,1.1,1635.4,4,2,1,7,-11.1,12.0,69.4,Clear
2024-01-15 18:52:00,8.6,47.5,49.4,1.1,1635.4,4,2,1,7,-11.1,12.0,69.4,Clear
2024-01-15 19:07:00,8.5,47.2,49.7,1.1,1635.4,4,2,1,7,-11.1,12.0,69.4,Clear
2024-01-15 21:52:48,7.2,45.0,51.5,1.1,1635.4,4,2,1,7,-13.9,7.0,76.1,Clear
2024-01-15 22:07:48,7.2,45.0,51.4,1.1,1635.4,4,2,1,7,-13.9,7.0,76.1,Clear
2024-01-15 22:22:48,6.9,44.5,50.6,1.1,1635.4,4,2,1,7,-15.0,5.0,72.1,Clear
2024-01-15 22:37:48,6.6,43.8,50.5,1.1,1635.4,4,2,1,7,-15.0,5.0,72.1,Clear
2024-01-15 22:52:48,6.8,44.2,50.7,1.1,1635.4,4,2,1,7,-15.0,5.0,72.1,Clear
2024-01-15 23:07:48,6.8,44.2,50.8,1.1,1635.4,4,2,1,7,-15.0,5.0,72.1,Clear
2024-01-15 23:22:48,6.9,44.3,50.9,1.1,1635.4,4,2,1,6,-14.4,6.1,72.2,Clear
2024-01-15 23:37:48,6.9,44.3,51.1,1.1,1635.4,4,2,1,7,-14.4,6.1,72.2,Clear
2024-01-15 23:52:48,6.9,44.4,50.9,-0.3,40943.5,1,0,0,1,-14.4,6.1,72.2,Clear
2024-01-16 00:07:48,6.9,44.4,51.0,-0.3,40943.5,1,0,0,1,-14.4,6.1,72.2,Clear
2024-01-16 00:22:48,6.9,44.4,50.8,-0.3,40943.5,1,0,0,1,-15.0,5.0,75.9,Clear
2024-01-16 00:37:48,6.2,43.1,49.7,-0.3,40943.5,1,0,0,1,-15.0,5.0,75.9,Clear
2024-01-16 00:52:48,6.4,43.5,50.1,-0.3,40943.5,1,0,0,1,-15.0,5.0,75.9,Clear
2024-01-16 01:07:48,6.4,43.6,50.3,-0.3,40943.5,1,0,0,1,-15.0,5.0,75.9,Clear
2024-01-16 01:22:48,6.5,43.7,50.4,-0.3,40943.5,1,0,0,1,-14.4,6.1,75.4,Clear
2024-01-16 01:37:48,6.5,43.8,50.4,-0.3,40943.5,1,0,0,1,-14.4,6.1,75.4,Clear
2024-01-16 01:52:48,6.6,43.8,50.2,-0.3,40943.5,1,0,0,1,-14.4,6.1,75.4,Clear
2024-01-16 02:07:48,6.5,43.8,50.2,-0.3,40943.5,1,0,0,1,-14.4,6.1,75.4,Clear
2024-01-16 02:22:48,6.6,43.8,50.1,-0.3,40943.5,1,0,0,1,-15.0,5.0,75.9,Clear
2024-01-16 02:37:48,5.8,42.5,49.5,-0.3,40943.5,1,0,0,1,-15.0,5.0,75.9,Clear
2024-01-16 02:52:48,6.1,42.9,49.9,-0.3,40943.5,1,0,0,1,-15.0,5.0,75.9,Clear
2024-01-16 03:07:48,6.2,43.1,50.1,-0.3,40943.5,1,0,0,1,-15.0,5.0,75.9,Clear
2024-01-16 03:22:48,6.2,43.2,50.2,-0.3,40943.5,1,0,0,1,-13.9,7.0,76.1,Clear
2024-01-16 03:37:48,6.3,43.3,50.3,-0.3,40943.5,1,0,0,1,-13.9,7.0,76.1,Clear
2024-01-16 03:52:48,6.3,43.3,50.3,-0.3,40943.5,1,0,0,1,-13.9,7.0,76.1,Clear
2024-01-16 04:07:48,5.7,42.3,49.4,-0.3,40943.5,1,0,0,1,-13.9,7.0,76.1,Clear
2024-01-16 04:22:48,5.7,42.3,49.7,-0.3,40943.5,1,0,0,1,-13.9,7.0,76.1,Clear
2024-01-16 04:37:48,5.8,42.5,49.8,-0.3,40943.5,1,0,0,1,-13.9,7.0,76.1,Clear
2024-01-16 04:52:48,5.9,42.7,50.2,-0.3,40943.5,1,0,0,1,-13.9,7.0,76.1,Clear
2024-01-16 05:07:48,5.9,42.7,50.1,-0.3,40943.5,1,0,0,1,-13.9,7.0,76.1,Clear
2024-01-16 05:22:48,6.0,42.8,50.0,-0.3,40943.5,1,0,0,1,-15.0,5.0,79.2,Clear
2024-01-16 05:37:48,6.0,42.7,49.9,-0.3,40943.5,1,0,0,1,-15.0,5.0,79.2,Clear
2024-01-16 05:52:48,5.4,41.8,49.1,-0.3,40943.5,1,0,0,1,-15.0,5.0,79.2,Clear
2024-01-16 06:07:48,5.4,41.6,49.0,-0.3,40943.5,1,0,0,1,-15.0,5.0,79.2,Clear
2024-01-16 06:22:48,5.5,41.9,49.5,-0.3,40943.5,1,0,0,1,-15.0,5.0,75.9,Clear
2024-01-16 06:37:48,5.6,42.0,49.6,-0.3,40943.5,1,0,0,1,-15.0,5.0,75.9,Clear
2024-01-16 06:52:48,5.3,41.6,48.8,-0.3,40943.5,1,0,0,1,-15.0,5.0,75.9,Clear
2024-01-16 07:07:48,4.9,40.9,48.8,-0.3,40943.5,1,0,0,1,-15.0,5.0,75.9,Clear
2024-01-16 07:22:48,5.1,41.2,49.2,-0.3,40943.5,1,0,0,1,-15.0,5.0,75.9,Clear
2024-01-16 07:37:48,5.2,41.4,49.6,-0.2,2831.3,1,1,2,4,-15.0,5.0,75.9,Clear
2024-01-16 07:52:48,5.3,41.5,49.7,3.8,-1725697.0,15,18,27,53,-15.0,5.0,75.9,Clear
2024-01-16 08:07:48,5.4,41.6,49.7,51.2,11063977.4,204,214,301,630,-15.0,5.0,75.9,Clear
2024-01-16 08:22:48,4.8,40.6,48.6,283.2,198655.2,875,933,1237,2697,-15.0,5.0,69.1,Clear
2024-01-16 08:37:48,4.7,40.5,48.9,725.2,90048.7,2042,2176,2796,6234,-15.0,5.0,69.1,Clear
2024-01-16 08:52:48,5.0,41.1,49.3,1246.6,77634.2,3398,3645,4650,10417,-15.0,5.0,69.1,Clear
2024-01-16 09:07:48,5.2,41.4,49.3,1681.1,79587.0,4586,4927,6294,14112,-15.0,5.0,69.1,Clear
2024-01-16 09:22:48,5.5,41.8,49.5,2093.5,75014.0,5833,6164,7845,17724,-15.6,3.9,72.6,Clear
2024-01-16 09:37:48,5.1,41.3,48.6,3158.9,35406.2,9845,9201,11159,27015,-15.6,3.9,72.6,Clear
2024-01-16 13:57:24,15.0,58.9,32.6,34196.2,8890.4,65535,65535,65535,65535,-12.2,10.0,63.0,Clear
2024-01-16 14:12:24,14.5,58.1,33.7,34196.2,8890.4,65535,65535,65535,65535,-11.1,12.0,63.3,Clear
2024-01-16 14:27:24,13.2,55.7,36.0,18509.6,17641.7,55057,49036,56035,65535,-11.1,12.0,63.3,Clear
2024-01-16 14:42:24,11.6,52.9,37.4,12225.9,24003.8,35549,33084,38873,65535,-11.1,12.0,63.3,Clear
2024-01-16 14:57:24,11.6,52.9,36.4,22398.7,11146.9,62840,54346,58720,65535,-11.1,12.0,63.3,Clear
2024-01-16 15:12:24,11.3,52.3,36.9,20979.5,10571.7,61285,51734,55716,65535,-11.7,10.9,63.7,Clear
2024-01-16 15:27:24,12.8,55.1,34.7,28337.9,9910.9,65535,60845,63425,65535,-11.7,10.9,63.7,Clear
2024-01-16 15:42:24,12.5,54.6,36.3,19859.3,8994.8,58446,48144,50764,65535,-11.7,10.9,63.7,Clear
2024-01-16 15:57:24,11.0,51.8,38.7,15880.8,8857.4,47799,38940,41074,65535,-11.7,10.9,63.7,Clear
2024-01-16 16:12:24,10.7,51.3,39.3,10671.2,10106.9,32712,26914,28950,65535,-11.7,10.9,63.7,Clear
2024-01-16 16:27:24,10.0,50.0,41.3,7191.7,10934.2,22509,18545,20182,52791,-11.7,10.9,63.7,Clear
2024-01-16 16:42:24,9.6,49.3,42.5,5634.2,10564.7,18433,14858,16167,42373,-11.7,10.9,63.7,Clear
2024-01-16 16:57:24,9.4,49.0,43.3,4173.4,10694.3,14415,11394,12475,32854,-11.7,10.9,63.7,Clear
2024-01-16 17:12:24,9.3,48.7,44.1,2931.3,9469.9,11408,8519,9306,24801,-11.7,10.9,63.7,Clear
2024-01-16 17:27:24,8.9,48.1,45.2,636.4,30846.7,2499,2077,2501,6032,-11.7,10.9,63.7,Clear
2024-01-16 17:42:24,8.4,47.2,45.4,101.1,405899.8,354,365,492,1057,-11.7,10.9,63.7,Clear
2024-01-16 17:57:24,8.0,46.4,46.0,8.0,4275844.3,32,33,46,98,-11.7,10.9,63.7,Clear
2024-01-16 18:12:24,8.1,46.6,46.4,1.4,4380.5,6,4,4,13,-11.7,10.9,63.7,Clear
2024-01-16 18:27:24,8.1,46.5,46.8,0.4,1635.0,4,2,2,8,-12.2,10.0,66.3,Clear
2024-01-16 18:42:24,8.1,46.5,47.2,1.1,1635.4,4,2,1,8,-12.2,10.0,66.3,Clear
2024-01-16 18:57:24,7.6,45.7,47.1,0.4,1635.0,4,2,2,8,-12.2,10.0,66.3,Clear
2024-01-16 19:12:24,7.1,44.8,47.1,0.4,1635.0,4,2,2,8,-12.2,10.0,66.3,Clear
2024-01-16 19:27:24,7.4,45.4,47.8,0.4,1635.0,4,2,2,8,-12.8,9.0,69.6,Clear
2024-01-16 19:42:24,7.3,45.1,48.1,1.5,2184.1,3,2,1,6,-12.8,9.0,69.6,Clear
2024-01-16 21:52:54,6.9,44.3,49.7,0.4,1635.0,4,2,2,8,-10.6,12.9,66.7,Cloudy
2024-01-16 22:07:54,7.0,44.7,49.7,1.6,2037.4,5,3,2,10,-10.6,12.9,66.7,Cloudy
2024-01-16 22:22:54,6.9,44.5,49.3,1.3,1628.6,6,3,2,11,-10.6,12.9,70.1,Cloudy
2024-01-16 22:37:54,6.8,44.2,49.6,0.4,1635.0,4,2,2,8,-10.6,12.9,70.1,Cloudy
2024-01-16 22:52:54,7.0,44.6,50.0,0.7,4380.5,3,2,2,7,-10.6,12.9,70.1,Cloudy
2024-01-16 23:07:54,7.0,44.7,50.2,0.4,1635.0,4,2,2,7,-10.6,12.9,70.1,Cloudy
2024-01-16 23:22:54,7.1,44.8,50.4,0.4,1635.0,4,2,2,8,-10.0,14.0,70.2,Light Snow
2024-01-16 23:37:54,7.1,44.7,50.3,2.0,2872.3,4,3,2,8,-10.6,12.9,76.7,Light Snow
2024-01-16 23:52:54,7.0,44.6,50.2,2.0,2872.3,4,3,2,8,-10.6,12.9,76.7,Light Snow
2024-01-17 00:07:54,6.9,44.4,49.7,2.0,2872.3,4,3,2,9,-11.7,10.9,83.7,Light Snow and Fog/Mist
2024-01-17 00:22:54,6.8,44.2,49.4,1.6,2037.4,5,3,2,9,-12.2,10.0,83.6,Light Snow and Fog/Mist
2024-01-17 00:37:54,6.7,44.0,49.3,1.6,2037.4,5,3,2,10,-12.2,10.0,83.6,Light Snow and Fog/Mist
2024-01-17 00:52:54,6.4,43.6,49.8,1.6,2037.4,5,3,2,9,-12.2,10.0,83.6,Light Snow and Fog/Mist
2024-01-17 01:07:54,6.6,43.9,49.7,0.9,3007.5,5,3,3,10,-12.8,9.0,83.6,Light Snow and Fog/Mist
2024-01-17 01:22:54,6.7,44.0,50.0,2.5,3499.4,5,4,3,11,-12.2,10.0,79.6,Light Snow
2024-01-17 01:37:54,6.8,44.3,50.4,2.0,2872.3,4,3,2,9,-12.2,10.0,83.6,Light Snow and Fog/Mist
2024-01-17 01:52:54,6.4,43.4,50.0,2.0,2872.3,4,3,2,9,-12.2,10.0,83.6,Light Snow and Fog/Mist
2024-01-17 02:07:54,6.2,43.1,49.5,2.2,2610.2,6,4,3,12,,,,Light Snow and Fog/Mist
2024-01-17 02:22:54,6.5,43.7,50.1,2.5,3499.4,5,4,3,11,-12.2,10.0,83.6,Light Snow and Fog/Mist
2024-01-17 02:37:54,6.6,43.8,50.3,0.9,3007.5,5,3,3,11,-12.2,10.0,83.6,Light Snow and Fog/Mist
2024-01-17 02:52:54,6.6,43.9,50.2,2.2,2610.2,6,4,3,12,-12.2,10.0,83.6,Light Snow and Fog/Mist
2024-01-17 03:07:54,6.0,42.8,49.7,0.9,3007.5,5,3,3,10,-12.2,10.0,83.6,Light Snow and Fog/Mist
2024-01-17 03:22:54,6.2,43.2,49.9,2.0,2872.3,4,3,2,9,-12.2,10.0,83.6,Fog/Mist
2024-01-17 03:37:54,6.4,43.5,50.5,2.0,2872.3,4,3,2,8,-12.2,10.0,83.6,Light Snow and Fog/Mist
2024-01-17 03:52:54,6.5,43.7,50.7,0.7,4380.5,3,2,2,6,-12.2,10.0,83.6,Fog/Mist
2024-01-17 04:07:54,6.5,43.7,50.4,0.4,1635.0,4,2,2,7,-11.7,10.9,80.4,Light Snow
2024-01-17 04:22:54,6.1,42.9,50.3,0.4,1635.0,4,2,2,7,-11.7,10.9,80.4,Light Snow
2024-01-17 04:37:54,6.3,43.3,50.6,2.0,2872.3,4,3,2,9,-11.7,10.9,80.4,Light Snow
2024-01-17 04:52:54,6.5,43.7,50.9,0.4,1635.0,4,2,2,7,-11.7,10.9,80.4,Light Snow
2024-01-17 05:07:54,6.5,43.7,50.7,1.5,2184.1,3,2,1,6,-11.7,10.9,80.4,Light Snow
2024-01-17 05:22:54,5.8,42.5,50.3,2.0,2872.3,4,3,2,9,-11.7,10.9,80.4,Light Snow
2024-01-17 05:37:54,6.2,43.1,50.6,1.6,2037.4,5,3,2,10,-11.7,10.9,80.4,Light Snow
2024-01-17 05:52:54,6.4,43.5,50.7,0.7,4380.5,3,2,2,7,-11.7,10.9,80.4,Light Snow
2024-01-17 06:07:54,6.5,43.7,51.0,2.0,2872.3,4,3,2,8,-11.7,10.9,83.7,Light Snow and Fog/Mist
2024-01-17 06:22:54,6.0,42.8,50.6,1.6,2037.4,5,3,2,9,-11.7,10.9,83.7,Light Snow and Fog/Mist
2024-01-17 06:37:54,5.7,42.3,50.1,0.9,3007.5,5,3,3,11,-11.7,10.9,83.7,Light Snow and Fog/Mist
2024-01-17 06:52:54,6.1,43.0,50.6,0.9,3007.5,5,3,3,11,-11.7,10.9,83.7,Light Snow and Fog/Mist
2024-01-17 07:07:54,6.3,43.4,51.1,2.0,2872.3,4,3,2,8,-11.7,10.9,83.7,Light Snow and Fog/Mist
2024-01-17 07:22:54,5.7,42.2,50.5,0.4,1635.0,4,2,2,7,-11.1,12.0,83.8,Light Snow and Fog/Mist
2024-01-17 07:37:54,5.9,42.6,50.8,0.9,3007.5,5,3,3,11,-11.1,12.0,76.6,Light Snow
2024-01-17 07:52:54,6.2,43.1,51.5,4.3,98173893.2,21,20,28,61,-11.1,12.0,83.8,Light Snow and Fog/Mist
2024-01-17 08:07:54,6.1,42.9,52.0,49.0,756064.5,186,188,256,553,-11.1,12.0,87.3,Light Snow and Fog/Mist
2024-01-17 08:22:54,5.6,42.2,52.1,228.7,252149.0,692,757,1013,2189,-11.1,12.0,83.8,Light Snow and Fog/Mist
2024-01-17 08:37:54,6.1,43.0,53.5,1088.0,29244.0,4163,3483,4178,10228,-11.1,12.0,83.8,Light Snow and Fog/Mist
2024-01-17 08:52:54,6.4,43.6,53.9,1936.6,25049.3,7013,5928,7027,17384,-11.1,12.0,83.8,Light Snow and Fog/Mist
2024-01-17 09:07:54,6.5,43.7,53.2,3086.1,21327.6,11301,9369,10975,27598,-10.6,12.9,83.9,Light Snow and Fog/Mist
2024-01-17 09:22:54,5.9,42.7,52.4,4169.2,13804.6,15205,12101,13655,35680,-10.6,12.9,83.9,Light Snow and Fog/Mist
2024-01-17 09:37:54,6.6,43.9,52.1,7132.6,12464.7,26701,20818,23305,61875,-10.6,12.9,83.9,Light Snow and Fog/Mist
2024-01-17 13:12:40,8.8,47.9,47.7,12688.5,9812.2,44595,34673,37655,65535,-6.1,21.0,70.5,Haze
2024-01-17 13:27:40,9.0,48.2,48.3,8296.7,10119.2,28723,22539,24529,65535,-6.1,21.0,70.5,Haze
2024-01-17 13:42:40,9.2,48.6,49.0,7967.0,9959.5,27863,21741,23640,64035,-6.1,21.0,70.5,Haze
2024-01-17 13:57:40,8.4,47.1,49.9,6477.5,10230.6,22600,17705,19306,52177,-6.1,21.0,70.5,Haze
2024-01-17 14:12:40,8.6,47.6,49.8,7752.7,10123.7,27217,21247,23154,62601,-6.1,21.0,70.5,Haze
2024-01-17 14:27:40,9.4,49.0,49.5,11221.9,9582.2,39470,30595,33138,65535,-6.7,19.9,81.1,Light Snow
2024-01-17 14:42:40,9.3,48.8,50.9,5409.0,10622.2,18775,14801,16200,43629,-6.7,19.9,84.3,Light Snow and Fog/Mist
2024-01-17 14:57:40,9.3,48.8,52.4,3919.9,11122.5,13523,10742,11811,31631,-6.7,19.9,84.3,Light Snow and Fog/Mist
2024-01-17 15:12:40,9.6,49.2,54.1,3304.7,11659.6,11250,9031,9970,26566,-6.7,19.9,84.3,Light Snow and Fog/Mist
2024-01-17 15:27:40,9.7,49.4,55.2,3200.0,11988.7,10901,8776,9718,25794,-6.1,21.0,80.6,Light Snow
2024-01-17 15:42:40,9.8,49.7,55.8,3387.8,12385.0,11828,9465,10536,27934,-6.1,21.0,80.6,Light Snow
2024-01-17 15:57:40,9.5,49.0,55.7,2958.1,12616.6,10315,8275,9228,24355,-3.3,26.1,84.1,Light Snow and Fog/Mist
2024-01-17 16:12:40,9.4,48.9,55.7,1963.2,13442.7,6869,5541,6220,16320,-3.3,26.1,84.1,Light Snow and Fog/Mist
2024-01-17 16:27:40,9.5,49.0,55.5,2218.0,12834.6,7935,6314,7066,18608,-2.8,27.0,88.7,Light Snow and Fog/Mist
2024-01-17 16:42:40,8.8,47.8,55.5,1153.5,17539.6,4078,3367,3876,9903,-2.8,27.0,88.7,Light Snow and Fog/Mist
2024-01-17 16:57:40,8.7,47.7,55.0,860.1,19131.0,3115,2568,2981,7554,-4.4,24.1,87.9,Light Snow and Fog/Mist
2024-01-17 17:12:40,8.9,47.9,55.3,443.6,30617.8,1619,1388,1669,4074,-5.0,23.0,87.9,Light Snow and Fog/Mist
2024-01-17 17:27:40,8.6,47.4,55.7,157.0,193696.3,553,548,722,1604,-5.0,23.0,87.9,Light Snow and Fog/Mist
2024-01-17 17:42:40,8.4,47.1,55.3,33.9,464015.2,160,142,189,424,-5.6,21.9,88.5,Unknown Precipitation and Fog/Mist
2024-01-17 17:57:40,8.7,47.7,55.6,3.7,302331.7,19,16,21,51,-5.6,21.9,88.5,Unknown Precipitation and Fog/Mist
2024-01-17 18:12:40,8.5,47.2,55.5,1.3,2136.4,9,5,5,18,-5.0,23.0,84.5,Fog/Mist
2024-01-17 18:27:40,8.2,46.7,55.1,1.5,1624.7,8,4,3,15,-5.0,23.0,84.5,Fog/Mist
2024-01-17 18:42:40,8.5,47.3,55.5,2.4,2418.3,8,5,4,16,-5.0,23.0,84.5,Fog/Mist
2024-01-17 18:57:40,8.0,46.3,54.8,2.0,1867.0,9,5,4,17,-5.0,23.0,84.5,Fog/Mist
2024-01-17 19:12:40,8.0,46.4,54.8,2.0,1867.0,9,5,4,17,-4.4,24.1,87.9,Fog/Mist
2024-01-17 19:27:40,8.2,46.8,55.0,2.0,1867.0,9,5,4,17,-4.4,24.1,87.9,Fog/Mist
2024-01-17 19:42:40,8.0,46.4,54.8,2.0,1867.0,9,5,4,16,-4.4,24.1,87.9,Fog/Mist
2024-01-17 19:57:40,8.0,46.4,55.3,2.4,2418.3,8,5,4,16,-4.4,24.1,87.9,Fog/Mist
2024-01-17 22:12:29,7.7,45.9,56.4,0.6,1635.0,6,3,3,11,-5.6,21.9,84.5,Fog/Mist
2024-01-17 22:27:29,7.4,45.3,55.6,1.3,1628.6,6,3,2,11,-5.6,21.9,84.5,Fog/Mist
2024-01-17 22:42:29,7.0,44.6,55.0,1.6,2037.4,5,3,2,10,-5.6,21.9,84.5,Fog/Mist
2024-01-17 22:57:29,7.1,44.8,54.8,1.6,2037.4,5,3,2,10,-5.6,21.9,84.5,Fog/Mist
2024-01-17 23:12:29,7.5,45.5,55.5,2.2,2610.2,6,4,3,12,-5.6,21.9,84.5,Fog/Mist
2024-01-17 23:27:29,7.3,45.1,55.6,1.6,2037.4,5,3,2,10,-5.0,23.0,80.7,Unknown Precipitation
2024-01-17 23:42:29,7.4,45.2,55.3,0.7,4380.5,3,2,2,7,-5.0,23.0,80.7,Unknown Precipitation
2024-01-17 23:57:29,7.5,45.5,55.5,0.7,4380.5,3,2,2,7,-5.0,23.0,80.7,Unknown Precipitation
2024-01-18 00:12:29,7.6,45.7,55.6,0.4,1635.0,4,2,2,8,-5.0,23.0,84.5,Fog/Mist
2024-01-18 00:27:29,7.5,45.5,55.4,2.0,2872.3,4,3,2,8,-5.0,23.0,87.9,Light Freezing Rain and Fog/Mist
2024-01-18 00:42:29,7.7,45.9,55.5,0.4,1635.0,4,2,2,8,,,,Light Freezing Rain and Fog/Mist
2024-01-18 00:57:29,7.8,46.1,55.4,0.7,4380.5,3,2,2,6,,,,Light Freezing Rain and Fog/Mist
2024-01-18 01:12:29,7.5,45.4,55.5,0.7,4380.5,3,2,2,6,-5.0,23.0,84.5,Fog/Mist
2024-01-18 01:27:29,7.7,45.8,55.3,1.5,2184.1,3,2,1,5,-5.0,23.0,87.9,Unknown Precipitation and Fog/Mist
2024-01-18 01:42:29,8.0,46.3,55.4,1.5,2184.1,3,2,1,6,-5.0,23.0,87.9,Unknown Precipitation and Fog/Mist
2024-01-18 01:57:29,7.5,45.4,55.4,1.5,2184.1,3,2,1,5,-5.0,23.0,87.9,Unknown Precipitation and Fog/Mist
2024-01-18 02:12:29,7.9,46.2,55.5,1.5,2184.1,3,2,1,6,-5.0,23.0,87.9,Unknown Precipitation and Fog/Mist
2024-01-18 02:27:29,8.2,46.7,55.4,0.7,4380.5,3,2,2,6,-5.6,21.9,88.5,Fog/Mist
2024-01-18 02:42:29,7.7,45.9,55.7,1.5,2184.1,3,2,1,5,-5.6,21.9,88.5,Fog/Mist
2024-01-18 02:57:29,8.1,46.6,55.4,0.7,4380.5,3,2,2,6,-5.0,23.0,87.9,Light Freezing Rain and Fog/Mist
2024-01-18 03:12:29,8.4,47.1,55.5,0.7,4380.5,3,2,2,6,-4.4,24.1,87.9,Light Freezing Rain and Fog/Mist
2024-01-18 03:27:29,8.0,46.4,55.6,0.4,1635.0,4,2,2,7,-4.4,24.1,87.9,Light Freezing Rain and Fog/Mist
2024-01-18 03:42:29,8.2,46.7,55.4,0.7,4380.5,3,2,2,6,-4.4,24.1,87.9,Light Freezing Rain and Fog/Mist
2024-01-18 03:57:29,8.4,47.1,55.2,0.7,4380.5,3,2,2,6,-4.4,24.1,87.9,Light Freezing Rain and Fog/Mist
2024-01-18 04:12:29,7.9,46.1,55.4,1.5,2184.1,3,2,1,6,-3.9,25.0,88.0,Fog/Mist
2024-01-18 04:27:29,8.1,46.6,55.2,0.2,1635.0,2,1,1,4,-3.9,25.0,88.0,Fog/Mist
2024-01-18 04:42:29,8.4,47.1,55.2,1.5,2184.1,3,2,1,6,-3.9,25.0,88.0,Fog/Mist
2024-01-18 04:57:29,7.9,46.1,55.4,0.2,1635.0,2,1,1,5,-3.9,25.0,88.0,Fog/Mist
2024-01-18 05:12:29,8.2,46.8,55.2,0.2,1635.0,2,1,1,5,-3.9,25.0,88.0,Fog/Mist
2024-01-18 05:27:29,8.5,47.4,55.2,0.7,4380.5,3,2,2,7,-5.0,23.0,92.0,Fog/Mist
2024-01-18 05:42:29,8.1,46.6,55.4,0.2,1635.0,2,1,1,4,-5.0,23.0,92.0,Fog/Mist
2024-01-18 05:57:29,8.3,46.9,55.2,0.2,1635.0,2,1,1,4,-5.0,23.0,92.0,Fog/Mist
2024-01-18 06:12:29,8.5,47.3,55.2,0.5,8890.4,1,1,1,2,-5.0,23.0,92.0,Fog/Mist
2024-01-18 06:27:29,8.0,46.4,55.3,0.2,1635.0,2,1,1,4,-4.4,24.1,87.9,Fog/Mist
2024-01-18 06:42:29,7.8,46.0,55.3,0.2,1635.0,2,1,1,4,-4.4,24.1,87.9,Fog/Mist
2024-01-18 06:57:29,8.2,46.8,55.3,0.2,1635.0,2,1,1,3,-4.4,24.1,87.9,Fog/Mist
2024-01-18 07:12:29,7.9,46.1,55.1,0.5,8890.4,1,1,1,3,-5.0,23.0,87.9,Fog/Mist
2024-01-18 07:27:29,7.8,46.1,55.1,0.2,1635.0,2,1,1,4,-5.0,23.0,87.9,Fog/Mist
2024-01-18 07:42:29,8.1,46.7,55.3,0.8,-4543922.6,6,5,7,15,-5.0,23.0,84.5,Fog/Mist
2024-01-18 07:57:29,7.9,46.2,55.3,11.8,-1350216.4,76,69,99,209,-5.0,23.0,84.5,Fog/Mist
2024-01-18 08:12:29,7.7,45.9,55.5,142.7,2873519.7,528,563,785,1650,-5.0,23.0,84.5,Fog/Mist
2024-01-18 08:27:29,8.1,46.6,55.5,665.2,131005.1,1944,2084,2723,5974,-5.6,21.9,88.5,Fog/Mist
2024-01-18 08:42:29,8.0,46.4,55.3,1439.5,77405.6,4306,4388,5586,12644,,,,Fog/Mist
2024-01-18 08:57:29,7.7,45.8,55.2,2467.8,43122.7,8080,7500,9218,21842,,,,Fog/Mist
2024-01-18 09:12:29,8.3,46.9,54.5,4781.8,20167.1,16121,13771,16013,40062,-5.6,21.9,84.5,Fog/Mist
2024-01-18 09:27:29,8.7,47.7,53.2,7490.7,10641.9,28801,21871,24155,64752,-6.1,21.0,91.9,Fog/Mist
2024-01-18 09:42:29,8.2,46.8,53.8,6858.1,11651.8,25936,20004,22264,59193,-6.1,21.0,91.9,Fog/Mist
2024-01-18 09:57:29,8.8,47.9,53.1,7920.4,11342.2,29224,22681,25127,65535,-6.1,21.0,91.9,Fog/Mist
2024-01-18 14:21:28,13.5,56.2,46.6,26700.5,11727.6,65535,60639,65218,65535,0.6,33.1,78.0,Haze
2024-01-18 14:36:28,12.4,54.2,49.2,15092.0,10890.4,53932,42171,46399,65535,0.6,33.1,78.0,Haze
2024-01-18 14:51:28,12.1,53.8,49.8,11762.7,11287.6,41064,32525,35854,65535,0.6,33.1,78.0,Haze
2024-01-18 15:06:28,12.0,53.7,50.1,9679.7,11345.5,33922,26844,29617,65535,0.6,33.1,78.0,Haze
2024-01-18 15:21:28,11.5,52.7,51.7,7572.2,11930.7,26202,20954,23219,61530,0.6,33.1,81.5,Haze
2024-01-18 15:36:28,11.9,53.5,50.5,7517.2,11907.1,26532,21051,23357,61972,0.6,33.1,81.5,Haze
2024-01-18 15:51:28,12.1,53.7,50.5,6022.7,13175.4,21134,16992,19040,49943,0.6,33.1,81.5,Haze
2024-01-18 16:06:28,11.5,52.7,52.0,5798.1,12542.1,20778,16482,18405,48548,0.6,33.1,81.5,Haze
2024-01-18 16:21:28,11.6,52.9,51.7,3943.4,13956.8,14080,11312,12761,33317,1.7,35.1,81.7,Haze
2024-01-18 16:36:28,11.4,52.6,52.2,3227.7,14354.4,11648,9346,10578,27467,1.7,35.1,81.7,Haze
2024-01-18 16:51:28,11.0,51.8,53.3,1686.8,33004.1,5806,5144,6213,15049,1.7,35.1,81.7,Haze
2024-01-18 17:06:28,11.3,52.3,52.7,772.7,112990.7,2565,2540,3284,7416,1.7,35.1,81.7,Haze
2024-01-18 17:21:28,10.9,51.6,53.5,382.2,299685.9,1317,1351,1807,3949,1.7,35.1,78.1,Haze
2024-01-18 17:36:28,10.5,50.9,53.3,113.1,19512317.8,392,450,642,1316,1.7,35.1,78.1,Haze
2024-01-18 17:51:28,11.2,52.2,53.0,15.8,-7529340.8,68,75,110,223,1.7,35.1,78.1,Haze
2024-01-18 18:06:28,10.7,51.3,54.0,2.3,15078.0,9,7,8,22,1.7,35.1,78.1,Haze
2024-01-18 18:21:28,10.5,51.0,54.2,1.6,2037.4,5,3,2,10,0.6,33.1,81.5,Haze
2024-01-18 18:36:28,10.9,51.5,53.7,1.3,1628.6,6,3,2,10,0.6,33.1,81.5,Haze
2024-01-18 18:51:28,10.5,50.8,54.5,1.3,1628.6,6,3,2,11,0.6,33.1,81.5,Haze
2024-01-18 19:06:28,10.3,50.6,54.6,1.3,1628.6,6,3,2,10,0.6,33.1,81.5,Haze
2024-01-18 19:21:28,10.6,51.1,54.1,1.6,2037.4,5,3,2,10,0.0,,85.1,Fog/Mist
2024-01-18 19:36:28,10.2,50.4,54.8,1.6,2037.4,5,3,2,10,0.0,,85.1,Fog/Mist
2024-01-18 19:51:28,10.1,50.2,54.8,1.6,2037.4,5,3,2,9,0.0,,85.1,Fog/Mist
2024-01-18 20:06:28,10.5,50.9,54.7,0.1,3225.0,5,2,2,9,0.0,,85.1,Fog/Mist
2024-01-18 22:17:29,10.0,50.0,56.0,1.5,2184.1,3,2,1,6,-0.6,30.9,88.9,Fog/Mist
2024-01-18 22:32:29,9.9,49.8,55.9,1.1,1635.4,4,2,1,7,-0.6,30.9,88.9,Fog/Mist
2024-01-18 22:47:29,10.3,50.5,55.6,0.4,1635.0,4,2,2,7,-0.6,30.9,88.9,Fog/Mist
2024-01-18 23:02:29,10.1,50.2,55.7,1.1,1635.4,4,2,1,7,-0.6,30.9,88.9,Fog/Mist
2024-01-18 23:17:29,9.9,49.9,55.8,1.1,1635.4,4,2,1,7,-0.6,30.9,88.9,Fog/Mist
2024-01-18 23:32:29,10.3,50.5,55.5,1.5,2184.1,3,2,1,7,-0.6,30.9,88.9,Fog/Mist
2024-01-18 23:47:29,10.2,50.4,55.8,1.5,2184.1,3,2,1,6,-0.6,30.9,88.9,Fog/Mist
2024-01-19 00:02:29,10.0,50.0,56.1,1.5,2184.1,3,2,1,7,-0.6,30.9,88.9,Fog/Mist
2024-01-19 00:17:29,10.4,50.6,55.9,0.2,1635.0,2,1,1,4,-0.6,30.9,88.9,Fog/Mist
2024-01-19 00:32:29,10.2,50.4,56.2,0.2,1635.0,2,1,1,3,-0.6,30.9,88.9,Fog/Mist
2024-01-19 00:47:29,10.0,50.0,56.3,0.5,8890.4,1,1,1,3,-0.6,30.9,88.9,Fog/Mist
2024-01-19 01:02:29,10.3,50.5,56.0,0.2,1635.0,2,1,1,3,-0.6,30.9,88.9,Fog/Mist
2024-01-19 01:17:29,10.1,50.3,56.2,0.5,8890.4,1,1,1,3,-0.6,30.9,88.9,Fog/Mist
2024-01-19 01:32:29,10.0,50.0,56.4,0.2,1635.0,2,1,1,3,-0.6,30.9,88.9,Fog/Mist
2024-01-19 01:47:29,10.4,50.7,55.9,0.2,1635.0,2,1,1,3,-0.6,30.9,88.9,Fog/Mist
2024-01-19 02:02:29,10.2,50.3,56.2,0.2,1635.0,2,1,1,4,-0.6,30.9,88.9,Fog/Mist
2024-01-19 02:17:29,10.1,50.2,56.1,0.2,1635.0,2,1,1,4,-1.1,30.0,88.2,Fog/Mist
2024-01-19 02:32:29,10.4,50.7,55.8,0.5,8890.4,1,1,1,2,-1.1,30.0,88.2,Fog/Mist
2024-01-19 02:47:29,10.1,50.2,56.2,1.3,2410.6,1,1,0,2,-1.1,30.0,88.2,Fog/Mist
2024-01-19 03:02:29,10.1,50.1,56.1,0.5,8890.4,1,1,1,3,-1.1,30.0,88.2,Fog/Mist
2024-01-19 03:17:29,10.3,50.6,55.9,0.2,1635.0,2,1,1,3,-1.1,30.0,88.2,Fog/Mist
2024-01-19 03:32:29,10.1,50.2,56.3,0.2,1635.0,2,1,1,3,-1.1,30.0,88.2,Fog/Mist
2024-01-19 03:47:29,10.1,50.2,56.1,0.5,8890.4,1,1,1,2,-1.1,30.0,88.2,Fog/Mist
2024-01-19 04:02:29,10.5,50.8,55.9,0.5,8890.4,1,1,1,3,-1.1,30.0,88.2,Fog/Mist
2024-01-19 04:17:29,10.0,50.0,56.2,0.2,1635.0,2,1,1,3,-1.1,30.0,88.2,Fog/Mist
2024-01-19 04:32:29,10.1,50.3,56.1,0.2,1635.0,2,1,1,4,-1.1,30.0,88.2,Fog/Mist
2024-01-19 04:47:29,10.4,50.7,55.8,0.2,1635.0,2,1,1,4,-1.1,30.0,88.2,Fog/Mist
2024-01-19 05:02:29,9.9,49.9,56.4,0.2,1635.0,2,1,1,4,-1.1,30.0,88.2,Fog/Mist
2024-01-19 05:17:29,10.2,50.3,56.0,0.2,1635.0,2,1,1,4,-1.1,30.0,85.0,Fog/Mist
2024-01-19 05:32:29,10.2,50.3,56.2,0.2,1635.0,2,1,1,4,-1.1,30.0,88.2,Fog/Mist
2024-01-19 05:47:29,9.9,49.9,56.4,0.2,1635.0,2,1,1,4,,,,Fog/Mist
2024-01-19 06:02:29,10.3,50.5,56.0,0.2,1635.0,2,1,1,4,-1.1,30.0,88.2,Fog/Mist
2024-01-19 06:17:29,10.0,50.0,56.4,0.2,1635.0,2,1,1,4,-0.6,30.9,85.1,Fog/Mist
2024-01-19 06:32:29,9.7,49.5,56.8,0.2,1635.0,2,1,1,4,-0.6,30.9,85.1,Fog/Mist
2024-01-19 06:47:29,10.1,50.1,56.0,1.5,2184.1,3,2,1,5,-0.6,30.9,85.1,Fog/Mist
2024-01-19 07:02:29,9.9,49.8,56.3,1.8,3242.2,2,2,1,5,-0.6,30.9,85.1,Fog/Mist
2024-01-19 07:17:29,9.6,49.4,56.6,1.8,3242.2,2,2,1,5,-0.6,30.9,92.3,Fog/Mist
2024-01-19 07:32:29,10.1,50.1,55.9,0.7,4380.5,3,2,2,6,-0.6,30.9,92.3,Fog/Mist
2024-01-19 07:47:29,9.9,49.8,56.4,2.0,1617121.6,8,8,11,24,-0.6,30.9,92.3,Fog/Mist
2024-01-19 08:02:29,9.9,49.9,56.2,31.2,-63591751.3,170,160,227,479,-0.6,30.9,92.3,Fog/Mist
2024-01-19 08:17:29,10.1,50.3,55.9,165.5,1168901.7,623,642,882,1890,0.6,33.1,84.6,Fog/Mist
2024-01-19 08:32:29,9.8,49.7,56.5,555.7,46686.1,2114,1840,2271,5421,0.6,33.1,84.6,Fog/Mist
2024-01-19 08:47:29,9.8,49.6,56.2,1057.8,25757.2,3816,3239,3847,9509,0.6,33.1,84.6,Fog/Mist
2024-01-19 09:02:29,10.2,50.4,55.7,1829.3,18430.5,6480,5372,6211,15764,0.6,33.1,84.6,Fog/Mist
2024-01-19 09:17:29,10.0,50.0,56.0,3148.5,15423.7,11206,9108,10369,26768,0.6,33.1,88.4,Fog/Mist
2024-01-19 09:32:29,10.2,50.3,55.4,4594.8,13876.4,16312,13127,14795,38559,2.2,36.0,85.4,Fog/Mist
2024-01-19 09:47:29,10.7,51.2,54.4,5813.4,13147.8,20554,16473,18464,48413,2.2,36.0,85.4,Fog/Mist
2024-01-19 10:02:29,10.4,50.7,54.8,8106.0,12124.3,29078,22973,25568,65535,2.2,36.0,85.4,Fog/Mist
2024-01-19 15:39:20,12.3,54.2,55.9,7687.3,11201.5,26833,21236,23390,62288,3.9,39.0,75.7,Haze
2024-01-19 15:54:20,12.2,54.0,55.7,9137.6,10691.5,32702,25504,28009,65535,3.9,39.0,75.7,Haze
2024-01-19 16:09:20,12.6,54.8,54.9,7313.4,11018.2,26591,20685,22820,60965,3.9,39.0,75.7,Haze
2024-01-19 16:24:20,12.2,54.0,56.2,5272.6,10496.1,18876,14689,16100,43246,3.3,37.9,79.0,Cloudy
2024-01-19 16:39:20,12.2,53.9,55.9,8480.7,7280.3,30249,22567,23661,65222,3.3,37.9,79.0,Cloudy
2024-01-19 16:54:20,12.4,54.3,55.4,3780.3,10990.5,14821,11215,12446,33092,3.3,37.9,79.0,Cloudy
2024-01-19 17:09:20,12.0,53.6,56.7,1626.5,12235.1,6866,5117,5767,15241,3.3,37.9,79.0,Cloudy
2024-01-19 17:24:20,11.6,52.9,57.5,486.5,29961.0,2021,1637,1969,4833,3.3,37.9,82.5,Cloudy
2024-01-19 17:39:20,11.9,53.5,56.8,102.0,1199111.1,417,411,562,1212,3.3,37.9,82.5,Cloudy
2024-01-19 17:54:20,11.5,52.8,57.5,10.9,15195454.5,46,47,66,140,3.3,37.9,82.5,Cloudy
2024-01-19 18:09:20,11.2,52.1,57.9,1.4,14332.1,9,6,7,20,3.3,37.9,82.5,Cloudy
2024-01-19 18:24:20,11.5,52.6,57.3,0.6,1635.0,6,3,3,12,3.3,37.9,82.5,Cloudy
2024-01-19 18:39:20,11.2,52.2,57.8,1.3,1628.6,6,3,2,11,3.3,37.9,82.5,Cloudy
2024-01-19 18:54:20,11.0,51.8,58.2,1.3,1628.6,6,3,2,11,3.3,37.9,82.5,Cloudy
2024-01-19 19:09:20,11.3,52.3,57.5,1.3,1628.6,6,3,2,11,3.3,37.9,82.5,Cloudy
2024-01-19 19:24:20,11.0,51.8,58.1,1.6,2037.4,5,3,2,10,2.2,36.0,85.4,Fog/Mist
2024-01-19 19:39:20,10.8,51.5,58.3,1.3,1628.6,6,3,2,10,2.2,36.0,85.4,Fog/Mist
2024-01-19 19:54:20,10.9,51.7,57.9,1.6,2037.4,5,3,2,10,2.2,36.0,85.4,Fog/Mist
2024-01-19 20:09:20,10.9,51.7,58.0,0.1,3225.0,5,2,2,9,2.2,36.0,85.4,Fog/Mist
2024-01-19 20:24:20,10.7,51.2,58.5,0.4,1635.0,4,2,2,8,2.2,36.0,89.2,Fog/Mist
2024-01-19 22:40:31,11.0,51.7,58.8,-0.1,3071098355.0,3,1,1,5,2.2,36.0,89.2,Fog/Mist
2024-01-19 22:55:31,10.6,51.1,59.2,-0.1,3071098355.0,3,1,1,5,2.2,36.0,89.2,Fog/Mist
2024-01-19 23:10:31,10.9,51.6,58.7,-0.1,3071098355.0,3,1,1,5,2.2,36.0,89.2,Fog/Mist
2024-01-19 23:25:31,10.9,51.7,58.7,-0.3,40943.5,1,0,0,2,1.7,35.1,92.4,Fog/Mist
2024-01-19 23:40:31,10.6,51.1,59.2,0.2,1635.0,2,1,1,3,1.7,35.1,92.4,Fog/Mist
2024-01-19 23:55:31,10.9,51.6,58.6,0.5,8890.4,1,1,1,2,1.7,35.1,92.4,Fog/Mist
2024-01-20 00:10:31,10.9,51.7,58.6,-0.3,40943.5,1,0,0,2,1.7,35.1,92.4,Fog/Mist
2024-01-20 00:25:31,10.6,51.0,59.1,1.3,2410.6,1,1,0,2,1.1,34.0,88.4,Mostly Cloudy
2024-01-20 00:40:31,10.9,51.5,58.6,0.5,8890.4,1,1,1,2,1.1,34.0,88.4,Mostly Cloudy
2024-01-20 00:55:31,10.6,51.2,59.1,1.3,2410.6,1,1,0,2,1.1,34.0,88.4,Mostly Cloudy
2024-01-20 01:10:31,10.7,51.2,58.9,1.3,2410.6,1,1,0,2,1.1,34.0,88.4,Mostly Cloudy
